Sample,presentRate.mean,presentRate.sterr,idealRate.mean
CR0095,0.07922000,0.00092806,0.08265000
CR04885,0.07571000,0.00086184,0.08961000
CR06670,0.07717000,0.00087573,0.12277000
CR1509,0.08159000,0.00081574,0.09414000
CR22640,0.06603000,0.00079764,0.07588000
CR3665,0.08674000,0.00074270,0.08923000
CR4880,0.08251000,0.00064178,0.09389000
CR6126,0.05770000,0.00059573,0.06628000
CR6161,0.08692000,0.00073512,0.10113000
CR7623,0.08826000,0.00077763,0.09179000
CR9306,0.05405000,0.00076001,0.05650000
CR9699,0.03539000,0.00050010,0.03568000
CRNR0244,0.05565000,0.00046981,0.05661000
CRNR2472,0.07220000,0.00079078,0.09908000
CRNR4941,0.07254000,0.00097743,0.09703000
LSD0167,0.05458000,0.00044716,0.06342000
LSD2057,0.05348000,0.00056111,0.05572000
LSD3484,0.08367000,0.00095255,0.08750000
LSD4691,0.02898000,0.00048621,0.03037000
LSD4744,0.10492000,0.00081674,0.12998000
LSD6819,0.07876000,0.00068867,0.08920000
LSDNR1120,0.06615000,0.00082775,0.07452000
LSDNR1650,0.06871000,0.00070529,0.07299000
LSDNR3086,0.11315000,0.00099858,0.12654000
LSDNR9298,0.05370000,0.00060203,0.05859000
NR1867,0.10936000,0.00086708,0.13315000
NR2137,0.10139000,0.00080973,0.12466000
NR3156,0.06076000,0.00084659,0.06129000
NR3549,0.05333000,0.00055358,0.06599000
NR4018,0.09227000,0.00073621,0.11308000
NR4045,0.10077000,0.00073440,0.11885000
NR4083,0.05904000,0.00090667,0.06395000
NR4631,0.05396000,0.00043364,0.07483000
NR4810,0.07376000,0.00086000,0.08435000
NR4949,0.06797000,0.00109383,0.07019000
NR5784,0.08972000,0.00078341,0.12040000
NR6689,0.06362000,0.00056466,0.07850000
NR6721,0.06280000,0.00064118,0.07793000
NR6842,0.08202000,0.00087949,0.09856000
NR8727,0.05194000,0.00056886,0.05364000
NR8815,0.05694000,0.00080252,0.06125000
NR9341,0.04450000,0.00046308,0.04576000
NR9445,0.05815000,0.00083123,0.06268000
NR9449,0.06891000,0.00106160,0.07140000
NR9521,0.05024000,0.00111487,0.05264000
NR9705,0.07232000,0.00076577,0.08488000
NR9765,0.08511000,0.00076179,0.09534000
PR03803,0.07133000,0.00079191,0.08365000
PR12117,0.09562000,0.00073979,0.10926000
PR4035,0.08682000,0.00076504,0.10858000
PR4046,0.09146000,0.00094448,0.13717000
PR4077,0.02982000,0.00047814,0.03540000
PR4091,0.04951000,0.00088850,0.05304000
PR4092,0.06913000,0.00087877,0.07527000
SD0346,0.07365000,0.00087677,0.07650000
SD1494,0.07876000,0.00068867,0.08920000
SD2051,0.02477000,0.00044747,0.02560000
SD2056,0.04467000,0.00040690,0.05255000
SD5038,0.09752000,0.00096917,0.11294000
SD5118,0.03000000,0.00043359,0.03021000
SD5934,0.01384000,0.00041074,0.01389000
SD6336,0.06987000,0.00080001,0.07228000
SD6494,0.06053000,0.00051468,0.06346000
SD7357,0.09267000,0.00103140,0.13209000
Pat02,0.06925000,0.00077721,0.08100000
Pat03,0.06823000,0.00061861,0.08180000
Pat04,0.07713000,0.00095383,0.10229000
Pat06,0.08772000,0.00097705,0.10482000
Pat07,0.03977000,0.00049600,0.04849000
Pat08,0.09734000,0.00095489,0.11150000
Pat100,0.10057000,0.00085636,0.14151000
Pat101,0.09881000,0.00061055,0.11034000
Pat103,0.04006000,0.00057275,0.04601000
Pat104,0.10860000,0.00083997,0.12858000
Pat105,0.05852000,0.00081565,0.06335000
Pat106,0.10094000,0.00096012,0.11700000
Pat109,0.09656000,0.00084185,0.11236000
Pat110,0.06479000,0.00091935,0.07999000
Pat113,0.03397000,0.00040553,0.03629000
Pat115,0.09487000,0.00083627,0.11365000
Pat117,0.07754000,0.00060004,0.08606000
Pat118,0.06699000,0.00071250,0.06950000
Pat121,0.04662000,0.00103718,0.04884000
Pat123,0.06095000,0.00094578,0.06676000
Pat124,0.06233000,0.00097594,0.07761000
Pat126,0.08251000,0.00064178,0.09389000
Pat127,0.07262000,0.00110401,0.07849000
Pat128,0.03976000,0.00062204,0.04167000
Pat129,0.06790000,0.00064135,0.08441000
Pat130,0.08844000,0.00089171,0.11381000
Pat131,0.05868000,0.00073934,0.05976000
Pat132,0.03800000,0.00036757,0.03914000
Pat133,0.07160000,0.00063034,0.07598000
Pat135,0.08000000,0.00080623,0.09130000
Pat138,0.06408000,0.00080275,0.06679000
Pat139,0.09971000,0.00106515,0.16948000
Pat14,0.09318000,0.00067869,0.10109000
Pat140,0.07362000,0.00078028,0.08017000
Pat143,0.10395000,0.00097699,0.14997000
Pat147,0.03929000,0.00060763,0.04120000
Pat148,0.06546000,0.00074240,0.07670000
Pat15,0.07486000,0.00082774,0.13127000
Pat151,0.11189000,0.00087768,0.13735000
Pat157,0.06066000,0.00071790,0.07491000
Pat160,0.07401000,0.00081410,0.08837000
Pat162,0.03977000,0.00049600,0.04849000
Pat165,0.11217000,0.00106176,0.13014000
Pat166,0.10358000,0.00078525,0.11503000
Pat167,0.12028000,0.00117197,0.14613000
Pat168,0.08766000,0.00071867,0.10744000
Pat17,0.08101000,0.00088963,0.09298000
Pat170,0.07343000,0.00112260,0.07573000
Pat171,0.03772000,0.00037854,0.04699000
Pat174,0.05791000,0.00092813,0.06363000
Pat175,0.07094000,0.00067284,0.07939000
Pat19,0.06859000,0.00090890,0.08086000
Pat21,0.03554000,0.00028174,0.03607000
Pat24,0.06807000,0.00075396,0.09064000
Pat25,0.08169000,0.00068710,0.10031000
Pat29,0.11285000,0.00078842,0.12915000
Pat32,0.07939000,0.00068515,0.08943000
Pat33,0.06230000,0.00062628,0.07963000
Pat36,0.05579000,0.00057763,0.05826000
Pat37,0.02734000,0.00033139,0.02936000
Pat38,0.10808000,0.00102196,0.12338000
Pat39,0.06456000,0.00067350,0.07229000
Pat40,0.05852000,0.00081565,0.06335000
Pat41,0.05973000,0.00087395,0.06500000
Pat43,0.07881000,0.00078066,0.09441000
Pat44,0.06072000,0.00053682,0.07089000
Pat45,0.06299000,0.00113759,0.07080000
Pat46,0.03322000,0.00052000,0.03895000
Pat47,0.07245000,0.00086220,0.09303000
Pat49,0.04278000,0.00052277,0.04353000
Pat50,0.10160000,0.00097240,0.11149000
Pat54,0.09562000,0.00073979,0.10926000
Pat55,0.09126000,0.00085339,0.09752000
Pat56,0.08503000,0.00080028,0.10331000
Pat57,0.05417000,0.00062682,0.05993000
Pat58,0.10425000,0.00102190,0.16251000
Pat59,0.07951000,0.00086171,0.10671000
Pat60,0.05477000,0.00052133,0.05673000
Pat62,0.08043000,0.00076769,0.09446000
Pat63,0.03170000,0.00042714,0.03403000
Pat64,0.06266000,0.00048790,0.06526000
Pat66,0.05735000,0.00099412,0.06581000
Pat67,0.06319000,0.00068434,0.06917000
Pat70,0.05808000,0.00060126,0.06379000
Pat71,0.09659000,0.00088888,0.11564000
Pat73,0.08878000,0.00078935,0.10759000
Pat74,0.10672000,0.00055554,0.12762000
Pat76,0.03997000,0.00052790,0.04272000
Pat77,0.07175000,0.00084948,0.07761000
Pat78,0.03771000,0.00029077,0.03955000
Pat79,0.06266000,0.00085482,0.06938000
Pat80,0.10358000,0.00078525,0.11503000
Pat81,0.08734000,0.00082195,0.10139000
Pat82,0.08743000,0.00067265,0.10004000
Pat85,0.07381000,0.00078024,0.08041000
Pat86,0.08405000,0.00089719,0.09024000
Pat88,0.08045000,0.00068219,0.08647000
Pat90,0.04669000,0.00063499,0.05237000
Pat92,0.04551000,0.00050891,0.04734000
Pat98,0.03910000,0.00038586,0.04015000
Pt10,0.05566000,0.00100357,0.06067000
Pt100,0.05336000,0.00064828,0.06182000
Pt101,0.04209000,0.00039650,0.04228000
Pt102,0.08840000,0.00091007,0.09658000
Pt103,0.06998000,0.00052658,0.07545000
Pt104,0.08626000,0.00074955,0.10370000
Pt106,0.03833000,0.00046477,0.03834000
Pt108,0.03687000,0.00035654,0.04413000
Pt11,0.05458000,0.00044716,0.06342000
Pt13,0.08283000,0.00078571,0.09068000
Pt17,0.09881000,0.00061055,0.11034000
Pt18,0.08875000,0.00095432,0.09278000
Pt23,0.09741000,0.00067929,0.11328000
Pt24,0.08170000,0.00051251,0.09392000
Pt25,0.08288000,0.00086420,0.08660000
Pt26,0.05173000,0.00042845,0.05484000
Pt27,0.09543000,0.00090702,0.10414000
Pt28,0.09289000,0.00085133,0.10774000
Pt29,0.10702000,0.00103889,0.12615000
Pt3,0.07715000,0.00067400,0.08457000
Pt30,0.03177000,0.00038182,0.03989000
Pt31,0.05877000,0.00080070,0.06157000
Pt32,0.04828000,0.00041280,0.04968000
Pt34,0.08457000,0.00075101,0.10180000
Pt36,0.06319000,0.00061616,0.06870000
Pt37,0.03940000,0.00032111,0.04079000
Pt38,0.04079000,0.00057974,0.04145000
Pt4,0.02510000,0.00052303,0.03327000
Pt44,0.05410000,0.00102339,0.05647000
Pt46,0.01995000,0.00044901,0.02006000
Pt47,0.04433000,0.00064223,0.04449000
Pt48,0.05762000,0.00054340,0.06386000
Pt49,0.04940000,0.00068378,0.05761000
Pt5,0.07766000,0.00101458,0.09726000
Pt51,0.04209000,0.00039650,0.04228000
Pt52,0.09168000,0.00102825,0.10878000
Pt53,0.02662000,0.00046519,0.02667000
Pt54,0.11045000,0.00057894,0.12532000
Pt58,0.05186000,0.00040227,0.06056000
Pt59,0.05346000,0.00067019,0.06113000
Pt60,0.08540000,0.00121216,0.09976000
Pt65,0.06322000,0.00085086,0.06654000
Pt66,0.06867000,0.00059704,0.07253000
Pt67,0.09125000,0.00081203,0.10296000
Pt68,0.05458000,0.00044716,0.06342000
Pt7,0.03686000,0.00043415,0.03924000
Pt70,0.10350000,0.00090222,0.12229000
Pt71,0.05825000,0.00069542,0.06493000
Pt72,0.08157000,0.00104276,0.08449000
Pt73,0.07343000,0.00084525,0.08333000
Pt74,0.07232000,0.00076577,0.08488000
Pt76,0.09284000,0.00068625,0.10425000
Pt77,0.06546000,0.00089458,0.06799000
Pt79,0.09284000,0.00068625,0.10425000
Pt8,0.07164000,0.00089792,0.08422000
Pt82,0.09487000,0.00083627,0.11365000
Pt83,0.08916000,0.00051837,0.09431000
Pt84,0.05446000,0.00048217,0.05765000
Pt85,0.07006000,0.00116878,0.08517000
Pt86,0.06279000,0.00050694,0.06643000
Pt87,0.08487000,0.00093358,0.10342000
Pt89,0.07367000,0.00081623,0.07950000
Pt9,0.05124000,0.00062613,0.05772000
Pt90,0.05855000,0.00081721,0.06864000
Pt92,0.06862000,0.00083530,0.07350000
Pt93,0.05013000,0.00042402,0.05181000
Pt94,0.07214000,0.00077103,0.08215000
Pt98,0.07763000,0.00094458,0.10223000
LAPT1,0.07396000,0.00090801,0.08708000
LAPT10,0.06620000,0.00081021,0.07275000
LAPT11,0.04296000,0.00039107,0.04389000
LAPT12,0.03599000,0.00065514,0.03987000
LAPT13,0.10304000,0.00093929,0.13690000
LAPT14,0.05446000,0.00048217,0.05765000
LAPT15,0.08305000,0.00104395,0.10277000
LAPT16,0.06166000,0.00101360,0.08416000
LAPT17,0.03978000,0.00050460,0.04245000
LAPT18,0.07916000,0.00100512,0.09240000
LAPT19,0.07864000,0.00085339,0.08571000
LAPT2,0.07198000,0.00093676,0.08396000
LAPT20,0.03638000,0.00038262,0.04175000
LAPT21,0.04353000,0.00032730,0.04529000
LAPT22,0.05666000,0.00078191,0.06506000
LAPT23,0.06413000,0.00112102,0.06592000
LAPT24,0.06783000,0.00061573,0.08295000
LAPT25,0.06073000,0.00077832,0.06535000
LAPT26,0.08836000,0.00088295,0.10890000
LAPT27,0.04681000,0.00052924,0.05936000
LAPT28,0.03451000,0.00063761,0.03561000
LAPT29,0.05410000,0.00102339,0.05647000
LAPT3,0.09124000,0.00069765,0.10115000
LAPT30,0.05762000,0.00054340,0.06386000
LAPT31,0.04645000,0.00028018,0.04754000
LAPT32,0.07210000,0.00087420,0.08798000
LAPT33,0.05294000,0.00040227,0.05491000
LAPT34,0.03485000,0.00037156,0.03558000
LAPT35,0.08157000,0.00104276,0.08449000
LAPT36,0.05458000,0.00044716,0.06342000
LAPT37,0.07112000,0.00082189,0.07779000
LAPT38,0.07828000,0.00087886,0.09181000
LAPT4,0.06984000,0.00091508,0.08139000
LAPT5,0.10517000,0.00095290,0.11801000
LAPT6,0.04577000,0.00065507,0.04923000
LAPT7,0.07736000,0.00092342,0.08774000
LAPT9,0.04868000,0.00056309,0.06254000
AL4602,0.06801000,0.00051821,0.07786000
AU5884,0.06086000,0.00095582,0.06632000
BL3403,0.06286000,0.00084855,0.06842000
CA9903,0.08174000,0.00073018,0.08718000
CU9061,0.07815000,0.00079600,0.12384000
DI6359,0.08706000,0.00076029,0.12587000
DM123062,0.07446000,0.00084646,0.08502000
FR9547,0.06007000,0.00067033,0.06345000
GR0134,0.05411000,0.00103553,0.05622000
GR4788,0.03322000,0.00051247,0.03704000
HE3202,0.09090000,0.00101828,0.11103000
JB112852,0.03539000,0.00038455,0.03539000
KA3947,0.03412000,0.00046876,0.04640000
LO3793,0.06387000,0.00078741,0.06826000
LO5004,0.08450000,0.00110020,0.12533000
M4945,0.09872000,0.00121553,0.11059000
MA7027,0.05042000,0.00069647,0.05621000
NI9507,0.07196000,0.00082881,0.07302000
R7495,0.08778000,0.00077385,0.09821000
RH090935,0.07582000,0.00090453,0.09860000
RI1933,0.04964000,0.00086335,0.05024000
RO3338,0.09406000,0.00091981,0.11415000
SA9755,0.06279000,0.00050694,0.06643000
SB010944,0.05458000,0.00044716,0.06342000
SC0899,0.06561000,0.00095108,0.07144000
SC6470,0.05849000,0.00071421,0.05939000
SR070761,0.04958000,0.00075980,0.05282000
TU0428,0.05923000,0.00056136,0.06672000
VA1330,0.03109000,0.00037430,0.03136000
VA7859,0.07947000,0.00086859,0.08927000
WA7899,0.04418000,0.00051678,0.05016000
Y2087,0.07047000,0.00094069,0.08191000
ZA6505,0.08429000,0.00074914,0.10605000
ZA6965,0.08582000,0.00100640,0.10564000
CUMC1,0.09357000,0.00089468,0.11971000
CUMC2,0.07545000,0.00068803,0.07707000
CUMC3,0.05917000,0.00070286,0.06643000
CUMC4,0.08604000,0.00084764,0.09962000
CUMC5,0.06484000,0.00072529,0.07156000
CUMC6,0.09550000,0.00058916,0.12557000
CUMC7,0.07185000,0.00076424,0.07932000
CUMC8,0.03477000,0.00061392,0.04061000
CUMC9,0.07392000,0.00077097,0.08901000
CUMC10,0.07978000,0.00086497,0.09035000
CUMC11,0.06702000,0.00085866,0.06786000
CUMC12,0.06143000,0.00041768,0.06697000
CUMC13,0.03910000,0.00041312,0.04245000
CUMC14,0.05960000,0.00048397,0.06287000
CUMC15,0.08120000,0.00064308,0.08454000
CUMC16,0.06981000,0.00083911,0.07820000
CUMC17,0.12397000,0.00088205,0.16907000
CUMC18,0.06252000,0.00079775,0.06877000
CUMC19,0.06728000,0.00095485,0.07107000
CUMC20,0.05415000,0.00065494,0.05940000
CUMC21,0.10957000,0.00098320,0.11938000
CUMC22,0.08141000,0.00064764,0.09208000
CUMC23,0.05901000,0.00066691,0.06241000
CUMC24,0.06759000,0.00088411,0.07198000
CUMC25,0.04903000,0.00068167,0.05526000
CUMC26,0.05457000,0.00075041,0.05942000
CUMC27,0.05234000,0.00067118,0.05713000
CUMC28,0.06856000,0.00070304,0.07869000
CUMC29,0.02343000,0.00054325,0.02374000
CUMC30,0.01352000,0.00027600,0.01388000
CUMC31,0.07475000,0.00070115,0.08471000
CUMC32,0.05654000,0.00053150,0.05999000
CUMC33,0.04846000,0.00087104,0.05285000
CUMC34,0.09120000,0.00080953,0.12241000
CUMC35,0.07957000,0.00073621,0.09607000
CUMC36,0.10246000,0.00082262,0.10931000
CUMC37,0.05411000,0.00103553,0.05622000
CUMC38,0.12199000,0.00089486,0.14595000
CUMC39,0.09927000,0.00100610,0.12653000
CUMC40,0.04674000,0.00048994,0.04969000
CUMC41,0.08157000,0.00104276,0.08449000
CUMC42,0.03810000,0.00053810,0.04007000
CUMC43,0.10457000,0.00115008,0.11092000
CUMC44,0.07533000,0.00098184,0.09900000
CUMC45,0.03548000,0.00032924,0.03845000
CUMC46,0.05871000,0.00099716,0.06384000
CUMC47,0.16572000,0.00099686,0.22664000
CUMC48,0.04788000,0.00096169,0.05075000
CUMC49,0.06293000,0.00071400,0.06641000
CUMC50,0.06340000,0.00060553,0.07334000
CUMC51,0.09533000,0.00099231,0.10590000
CUMC52,0.07927000,0.00088908,0.08379000
CUMC53,0.07210000,0.00092400,0.07240000
CUMC54,0.08271000,0.00075652,0.09427000
CUMC55,0.07083000,0.00097195,0.09242000
CUMC56,0.09334000,0.00102937,0.11686000
CUMC57,0.06702000,0.00066296,0.07493000
CUMC58,0.05787000,0.00073983,0.06557000
CUMC59,0.06386000,0.00047824,0.06692000
CUMC60,0.04971000,0.00060506,0.05152000
CUMC61,0.07557000,0.00102470,0.08236000
CUMC62,0.05799000,0.00073006,0.06795000
CUMC63,0.07222000,0.00056348,0.08305000
CUMC64,0.06854000,0.00080266,0.07258000
CUMC65,0.07550000,0.00059870,0.08647000
CUMC66,0.10205000,0.00089620,0.11676000
OB042257,0.06987000,0.00080001,0.07228000
EP372668,0.09993000,0.00111076,0.12776000
BV379195,0.09029000,0.00074944,0.12706000
NB536456,0.09010000,0.00081131,0.12714000
RX904694,0.04851000,0.00086967,0.05079000
AN293177,0.10909000,0.00089287,0.12355000
NA303088,0.09148000,0.00113263,0.09980000
NC668467,0.06681000,0.00078109,0.07227000
KW787528,0.07629000,0.00089560,0.09896000
AW882070,0.06769000,0.00066557,0.10950000
NE179096,0.08070000,0.00088531,0.11130000
HK537369,0.07645000,0.00058675,0.08189000
WL084588,0.08750000,0.00072357,0.09256000
WV248294,0.09881000,0.00061055,0.11034000
QT721351,0.07589000,0.00076368,0.08227000
WE615011,0.08075000,0.00081530,0.08180000
RL562554,0.07012000,0.00060897,0.07388000
GL866200,0.07840000,0.00080374,0.08335000
DC990051,0.09111000,0.00082374,0.11373000
AO750281,0.08867000,0.00100145,0.11740000
RU065936,0.07512000,0.00064460,0.07679000
PW329375,0.09097000,0.00090383,0.09805000
BP983860,0.09126000,0.00085339,0.09752000
ZK434939,0.11217000,0.00106176,0.13014000
RJ401736,0.07802000,0.00094796,0.09165000
ZL338926,0.07350000,0.00084512,0.08857000
PT088136,0.09601000,0.00080560,0.11617000
VI665293,0.09019000,0.00106358,0.10019000
PZ793599,0.06894000,0.00095268,0.07521000
OS197548,0.04968000,0.00065605,0.05156000
LR136554,0.04243000,0.00058062,0.04409000
WH928128,0.06788000,0.00077729,0.07923000
KB960411,0.03975000,0.00052689,0.04859000
IH002321,0.09789000,0.00086210,0.11217000
HT275463,0.04242000,0.00076271,0.04979000
AQ286794,0.08687000,0.00074611,0.09460000
VK425379,0.09036000,0.00102623,0.09327000
FH814563,0.03894000,0.00080928,0.04073000
DS020834,0.05702000,0.00063697,0.06226000
QI713515,0.06521000,0.00115657,0.08265000
IK662613,0.06188000,0.00089626,0.06794000
CD689551,0.09369000,0.00091947,0.10842000
OD111817,0.04278000,0.00052277,0.04353000
LS167399,0.04641000,0.00039957,0.04691000
EL499261,0.08426000,0.00079947,0.08931000
BD241560,0.08516000,0.00077977,0.08741000
WJ952117,0.04731000,0.00053964,0.04793000
YR990519,0.09146000,0.00094448,0.13717000
JL090305,0.07409000,0.00075520,0.08358000
VK851705,0.07619000,0.00074527,0.07803000
WE602111,0.05173000,0.00042845,0.05484000
DL240387,0.03358000,0.00057326,0.03503000
SE949393,0.08090000,0.00099096,0.09777000
VK102917,0.07876000,0.00068867,0.08920000
EX315834,0.05294000,0.00040227,0.05491000
GD961875,0.06784000,0.00042484,0.07346000
GJ549646,0.06197000,0.00080028,0.07015000
YL846622,0.08788000,0.00066580,0.10791000
TJ956009,0.07686000,0.00090421,0.07949000
PL020321,0.08717000,0.00087598,0.10983000
OP960829,0.10660000,0.00097114,0.12784000
IN807029,0.08083000,0.00089605,0.10284000
ZV102948,0.03805000,0.00033175,0.04130000
HV623240,0.06746000,0.00093953,0.08495000
IB174035,0.07972000,0.00077112,0.09063000
NA945383,0.05466000,0.00082127,0.05755000
AE200159,0.05457000,0.00045290,0.05750000
HG070027,0.08157000,0.00104276,0.08449000
PH640297,0.08229000,0.00058051,0.09648000
FD411530,0.06128000,0.00068537,0.06947000
RI929197,0.06687000,0.00068703,0.07211000
GS234640,0.05101000,0.00061544,0.05668000
TZ388736,0.05687000,0.00096621,0.06443000
HR904519,0.08506000,0.00093193,0.09399000
MQ748114,0.08157000,0.00104276,0.08449000
YD623028,0.06092000,0.00080868,0.06433000
QV517854,0.08535000,0.00109151,0.09465000
OM156383,0.09466000,0.00096150,0.10536000
DO395401,0.05737000,0.00083520,0.06229000
ED236873,0.03771000,0.00029077,0.03955000
LQ491699,0.06156000,0.00076423,0.07047000
RH138187,0.09366000,0.00112163,0.11064000
JE984424,0.03095000,0.00039080,0.03265000
HN039410,0.08879000,0.00076412,0.10008000
LR229562,0.03197000,0.00051598,0.03238000
WA186194,0.05946000,0.00067069,0.06329000
ES387661,0.06673000,0.00051684,0.07174000
AE162231,0.08724000,0.00077920,0.10070000
AH329297,0.07651000,0.00079881,0.08373000
VB175191,0.06702000,0.00066296,0.07493000
YX309246,0.04192000,0.00078440,0.04463000
RC276819,0.06928000,0.00089923,0.09661000
DT499956,0.05762000,0.00054340,0.06386000
GS256044,0.06420000,0.00071864,0.06658000
TO930220,0.04418000,0.00060769,0.04675000
YF920516,0.07202000,0.00056839,0.08804000
IN573123,0.06891000,0.00086672,0.08394000
TG765862,0.08383000,0.00061699,0.09996000
OV436909,0.05461000,0.00077909,0.06257000
UA206372,0.07099000,0.00091024,0.07542000
OX953757,0.08100000,0.00096942,0.09886000
PJ953909,0.06474000,0.00060995,0.08063000
XA307833,0.07534000,0.00050907,0.08074000
JX834810,0.06920000,0.00097422,0.08303000
YQ490591,0.08836000,0.00088295,0.10890000
QZ553792,0.08186000,0.00077017,0.08355000
MF150507,0.04481000,0.00044658,0.04514000
PG599368,0.09636000,0.00081883,0.11817000
LE993613,0.06838000,0.00069726,0.06885000
LS244934,0.06153000,0.00094057,0.06671000
EW664244,0.09328000,0.00105090,0.09977000
NK732633,0.05011000,0.00042725,0.06395000
HP971166,0.06790000,0.00081281,0.07220000
WD007754,0.07893000,0.00109889,0.08633000
OE782061,0.04208000,0.00056071,0.04926000
DD060789,0.07823000,0.00121381,0.08674000
RA911363,0.04789000,0.00065055,0.06271000
CV324207,0.05415000,0.00065494,0.05940000
RV653854,0.07707000,0.00071757,0.08545000
MM502191,0.02072000,0.00035144,0.02114000
TY080273,0.08934000,0.00077491,0.10624000
CF668249,0.06839000,0.00071250,0.08757000
HI514659,0.06327000,0.00067677,0.08440000
RY826164,0.08826000,0.00075956,0.09875000
GK989158,0.07921000,0.00066757,0.09163000
RF088631,0.05458000,0.00044716,0.06342000
BX552244,0.09538000,0.00093379,0.12199000
HT859944,0.06468000,0.00099026,0.08397000
OF320000,0.03412000,0.00046876,0.04640000
UC505968,0.13239000,0.00093410,0.17512000
SV274110,0.04795000,0.00045271,0.04885000
XE015183,0.07373000,0.00093524,0.08093000
IY101457,0.07074000,0.00074747,0.07302000
OA243943,0.03554000,0.00028174,0.03607000
GV237003,0.11068000,0.00069343,0.14723000
QM933384,0.07419000,0.00081397,0.07687000
BF819843,0.06268000,0.00075215,0.07449000
KV679102,0.06379000,0.00080408,0.06641000
WW331877,0.08594000,0.00058428,0.08808000
HI004568,0.07867000,0.00094246,0.08865000
OW964109,0.05852000,0.00081565,0.06335000
UB602657,0.07188000,0.00075186,0.11016000
ND701493,0.05544000,0.00051060,0.05831000
ND919429,0.05835000,0.00080750,0.06708000
LH998687,0.05310000,0.00115614,0.06177000
MX747377,0.07773000,0.00096840,0.08174000
EJ342170,0.06313000,0.00059480,0.06494000
RR251424,0.05406000,0.00073518,0.05829000
AY135758,0.07833000,0.00077775,0.08939000
YD425234,0.12406000,0.00059165,0.20363000
TO095715,0.03856000,0.00049893,0.04265000
NE782263,0.07190000,0.00066383,0.08820000
KN798898,0.07284000,0.00080777,0.08657000
IR692253,0.02716000,0.00065425,0.02766000
YH996041,0.06615000,0.00053733,0.06716000
VT397227,0.06980000,0.00059217,0.07705000
JI889906,0.09454000,0.00092691,0.10471000
OR646732,0.07038000,0.00052447,0.08425000
UD537460,0.07559000,0.00079225,0.09493000
LM227756,0.10006000,0.00088546,0.14583000
VW330608,0.06856000,0.00070304,0.07869000
MC345007,0.08083000,0.00089605,0.10284000
BC681957,0.06669000,0.00096959,0.06956000
MS303882,0.05689000,0.00093112,0.05899000
ZY851796,0.05418000,0.00108010,0.05475000
DE743683,0.08788000,0.00050592,0.10069000
XC690073,0.08758000,0.00103921,0.10462000
LI926221,0.05536000,0.00071604,0.06556000
SK041077,0.05436000,0.00067990,0.05980000
BU012611,0.05830000,0.00095951,0.07466000
JK338812,0.07314000,0.00086951,0.07897000
LM615085,0.06181000,0.00100636,0.06386000
GG838274,0.05109000,0.00075784,0.05194000
CK759649,0.08680000,0.00080250,0.09351000
PR346356,0.09639000,0.00109468,0.11423000
TG872084,0.06354000,0.00106293,0.07027000
WB544363,0.02072000,0.00035144,0.02114000
HU011383,0.06443000,0.00091604,0.08969000
OZ964185,0.08300000,0.00081391,0.09725000
BX967817,0.07765000,0.00086926,0.09669000
KZ583833,0.10495000,0.00071231,0.13137000
GB398563,0.06561000,0.00095108,0.07144000
WW668436,0.08007000,0.00080513,0.09308000
VK845635,0.03801000,0.00052248,0.04133000
KS136792,0.08331000,0.00099090,0.09146000
RT578755,0.07335000,0.00063949,0.08672000
AI716687,0.08109000,0.00079407,0.10616000
EP826889,0.05959000,0.00048704,0.07232000
DE217723,0.08744000,0.00099311,0.09150000
EM140795,0.08437000,0.00105135,0.09622000
FE593501,0.05415000,0.00065494,0.05940000
FJ722993,0.06305000,0.00076858,0.07410000
FL700026,0.10430000,0.00098002,0.11731000
NT293292,0.07513000,0.00084275,0.07873000
GW362077,0.02072000,0.00035144,0.02114000
QS331947,0.07453000,0.00092232,0.12673000
AH761070,0.06305000,0.00050996,0.07220000
FB523718,0.07638000,0.00090576,0.09372000
NJ637519,0.04607000,0.00083174,0.05284000
TP649659,0.08506000,0.00093193,0.09399000
BF585566,0.07260000,0.00069761,0.09125000
IK895715,0.09396000,0.00100534,0.13325000
EI131873,0.07904000,0.00071106,0.09718000
FW803759,0.06344000,0.00067069,0.07543000
GW946602,0.08728000,0.00100629,0.09564000
PZ923250,0.06984000,0.00091253,0.07977000
ZJ847611,0.06505000,0.00076830,0.07467000
BW398128,0.08903000,0.00094010,0.10507000
FG408326,0.07121000,0.00057222,0.07419000
PD448224,0.08534000,0.00075648,0.09784000
IS872618,0.05700000,0.00097022,0.05922000
LR744370,0.02699000,0.00052945,0.02884000
PW748829,0.08617000,0.00101621,0.08884000
JW229525,0.09176000,0.00088897,0.10727000
NR471516,0.11084000,0.00093264,0.13984000
XM766857,0.08602000,0.00085904,0.09671000
YV996814,0.04310000,0.00053146,0.04495000
QR822407,0.08779000,0.00077308,0.09385000
RF041334,0.05684000,0.00063722,0.05990000
SP588250,0.09588000,0.00111154,0.11184000
SS128035,0.07687000,0.00112705,0.12129000
WN367297,0.08701000,0.00091608,0.10104000
YG152378,0.09310000,0.00065845,0.10304000
NY093664,0.06799000,0.00061109,0.07944000
BC811776,0.04756000,0.00065425,0.04917000
CB764271,0.04920000,0.00080843,0.05379000
DB559032,0.05294000,0.00063389,0.05832000
HC203191,0.06523000,0.00085661,0.06858000
OS427829,0.02072000,0.00035144,0.02114000
VR485557,0.05375000,0.00057043,0.05688000
XU013435,0.06777000,0.00061555,0.07402000
YA270966,0.08977000,0.00087522,0.09725000
KQ222690,0.06933000,0.00090075,0.08231000
RR191649,0.09554000,0.00105601,0.11030000
ZJ250921,0.06247000,0.00060130,0.07305000
DE029388,0.04588000,0.00082000,0.05086000
GS420214,0.10030000,0.00090676,0.11164000
IL444062,0.08506000,0.00061159,0.09247000
RA263407,0.07682000,0.00076562,0.09225000
RP070224,0.08969000,0.00121732,0.11027000
TF488143,0.07196000,0.00082881,0.07302000
TF785669,0.09872000,0.00121553,0.11059000
UK971155,0.05805000,0.00069590,0.06614000
WQ120057,0.06224000,0.00074195,0.06769000
BR374139,0.10011000,0.00101800,0.13337000
DD361465,0.05445000,0.00051104,0.06003000
GZ425566,0.04226000,0.00057777,0.04506000
HO127075,0.05852000,0.00081565,0.06335000
OT254694,0.05786000,0.00046481,0.06382000
QV527200,0.07765000,0.00088835,0.08362000
TH564442,0.02853000,0.00040140,0.02932000
ZP620505,0.08344000,0.00061702,0.10340000
IN021880,0.07598000,0.00082189,0.07902000
JP245287,0.05458000,0.00044716,0.06342000
JX534724,0.04672000,0.00048712,0.05182000
MF335699,0.05987000,0.00074387,0.07342000
NK472415,0.12363000,0.00064585,0.14571000
OE799834,0.08216000,0.00103690,0.12341000
OM501087,0.05646000,0.00066135,0.05890000
XX353415,0.05072000,0.00064218,0.05536000
HK376614,0.06546000,0.00080529,0.07457000
IF324640,0.09489000,0.00104535,0.11440000
KB724373,0.08516000,0.00081978,0.11242000
OJ108820,0.07498000,0.00079089,0.07928000
RT756250,0.05601000,0.00091790,0.07483000
TX830700,0.06119000,0.00073052,0.07212000
WI841389,0.10201000,0.00089548,0.11392000
ZP418201,0.06920000,0.00059330,0.07975000
ZU021130,0.08292000,0.00095903,0.08535000
DA179245,0.05169000,0.00088248,0.05740000
EZ592112,0.10054000,0.00096944,0.10458000
KT781325,0.04970000,0.00082999,0.05183000
NU094987,0.06187000,0.00075484,0.07024000
RE682184,0.07908000,0.00081333,0.08560000
TX092727,0.05939000,0.00070859,0.07887000
UB564651,0.06259000,0.00060396,0.06687000
VW357743,0.04631000,0.00065633,0.04939000
YA688084,0.04988000,0.00065690,0.05946000
CC632903,0.06154000,0.00087295,0.07143000
GV588013,0.09881000,0.00061055,0.11034000
HX366182,0.03110000,0.00044845,0.03216000
JJ949081,0.07232000,0.00076577,0.08488000
OR866491,0.03365000,0.00055182,0.03503000
RV811068,0.10331000,0.00094944,0.12908000
TW125733,0.03064000,0.00029484,0.03897000
AZ957907,0.08523000,0.00088632,0.09999000
FF392752,0.07445000,0.00072484,0.07987000
FO996647,0.02534000,0.00044176,0.02536000
TS839271,0.05565000,0.00046981,0.05661000
UK533610,0.05815000,0.00064932,0.06077000
UQ148407,0.02072000,0.00035144,0.02114000
ZP246475,0.05645000,0.00069702,0.05857000
KR586940,0.04634000,0.00063669,0.04848000
LS271625,0.09588000,0.00111154,0.11184000
NI627069,0.09282000,0.00115459,0.13266000
PD519263,0.10158000,0.00103964,0.12189000
RK555724,0.08708000,0.00103643,0.09187000
UQ753932,0.06801000,0.00051821,0.07786000
YI876909,0.06706000,0.00063372,0.07513000
EH052498,0.02982000,0.00047814,0.03540000
HB171494,0.02343000,0.00054325,0.02374000
HY420730,0.04323000,0.00032457,0.04417000
SM106076,0.04543000,0.00081446,0.05468000
XJ302031,0.06912000,0.00079075,0.10387000
XJ364453,0.09109000,0.00115031,0.10350000
BL021996,0.08948000,0.00095508,0.12178000
CN050789,0.03977000,0.00049600,0.04849000
EO236447,0.06807000,0.00075396,0.09064000
ME175230,0.06138000,0.00069758,0.06180000
MX600877,0.07513000,0.00084420,0.08274000
TO021548,0.09183000,0.00054854,0.09868000
VC243698,0.07514000,0.00061250,0.07808000
YD777623,0.07894000,0.00090064,0.09303000
YT816084,0.07608000,0.00086304,0.09264000
ZK930604,0.05511000,0.00070340,0.06636000
ZM436268,0.04874000,0.00062258,0.05174000
ZN669436,0.04045000,0.00105127,0.04221000
AK398732,0.06995000,0.00078120,0.08194000
DM247664,0.05458000,0.00044716,0.06342000
GB961648,0.06148000,0.00067228,0.06882000
LH544200,0.04200000,0.00060406,0.04806000
LQ635575,0.08402000,0.00097728,0.09639000
PV718637,0.05199000,0.00051628,0.05223000
QC207302,0.09487000,0.00105705,0.10154000
SH764427,0.06263000,0.00068476,0.07022000
ZG143121,0.05230000,0.00080884,0.05848000
BZ683679,0.05407000,0.00078952,0.05762000
DO813858,0.06793000,0.00090689,0.09215000
GJ373999,0.04530000,0.00044146,0.04712000
GX055672,0.05016000,0.00042536,0.05110000
IW603773,0.06512000,0.00087937,0.08066000
MW215777,0.10005000,0.00087639,0.11984000
SM334656,0.07423000,0.00038731,0.07808000
TP561311,0.08540000,0.00121216,0.09976000
VX282680,0.03902000,0.00057093,0.04849000
VZ379970,0.06200000,0.00070836,0.06236000
AQ234293,0.08302000,0.00085463,0.09227000
BR404154,0.08844000,0.00077146,0.13116000
DU521291,0.08927000,0.00096966,0.11047000
EZ372884,0.09870000,0.00092328,0.12562000
HO314880,0.10528000,0.00090968,0.15202000
JC025622,0.10008000,0.00062660,0.11982000
NE722159,0.07941000,0.00078563,0.12882000
OU097839,0.08300000,0.00081391,0.09725000
TF774146,0.08960000,0.00092856,0.10291000
VE454857,0.06011000,0.00086916,0.06231000
XE884868,0.06505000,0.00076830,0.07467000
ZE129370,0.08263000,0.00087509,0.10282000
ZE213131,0.10521000,0.00081737,0.12152000
DB788312,0.08197000,0.00075101,0.09701000
NL327469,0.08168000,0.00109705,0.09329000
NW860530,0.09476000,0.00087346,0.11307000
OW683720,0.09999000,0.00103692,0.10774000
PX847610,0.09783000,0.00062219,0.10832000
QH692221,0.06040000,0.00105536,0.06192000
UE728227,0.07220000,0.00082919,0.10064000
UW595893,0.07947000,0.00086859,0.08927000
XK080812,0.04305000,0.00038593,0.04453000
CW049799,0.07208000,0.00058534,0.07767000
DR673373,0.02309000,0.00053551,0.02343000
NI498165,0.04921000,0.00059056,0.05188000
NU583295,0.08970000,0.00088204,0.11067000
PJ173593,0.08078000,0.00093271,0.11545000
PV847859,0.06908000,0.00087760,0.07248000
PX688045,0.09430000,0.00060388,0.11121000
RC915805,0.08154000,0.00083349,0.09584000
SG503340,0.07819000,0.00081137,0.09174000
TH039944,0.09328000,0.00118657,0.11157000
TP130607,0.03997000,0.00052790,0.04272000
VO020126,0.05458000,0.00044716,0.06342000
WK971939,0.02072000,0.00035144,0.02114000
YV503688,0.03924000,0.00050491,0.05134000
BA636244,0.08808000,0.00105870,0.09320000
BM256386,0.03460000,0.00051919,0.04188000
BT364903,0.06948000,0.00060421,0.07335000
CQ365110,0.07362000,0.00091309,0.09182000
DU909576,0.05866000,0.00083336,0.06340000
EK320634,0.06553000,0.00083427,0.07057000
EV854604,0.05458000,0.00044716,0.06342000
GX642946,0.07818000,0.00077643,0.09908000
KH191548,0.07987000,0.00080843,0.09050000
KX950195,0.07179000,0.00068548,0.07621000
OQ394665,0.07707000,0.00071757,0.08545000
PD027960,0.06853000,0.00072450,0.09711000
PX578748,0.05882000,0.00076924,0.07328000
RG945840,0.08349000,0.00092682,0.09686000
SP021117,0.05070000,0.00054508,0.05324000
TE855191,0.09881000,0.00061055,0.11034000
VZ661197,0.07569000,0.00077208,0.12230000
XV950799,0.08540000,0.00121216,0.09976000
ZE182555,0.10745000,0.00106638,0.12140000
AR843502,0.08766000,0.00071867,0.10744000
DY577205,0.03901000,0.00078038,0.03980000
FL158584,0.05466000,0.00082127,0.05755000
GA026392,0.08414000,0.00099936,0.08725000
HV618060,0.08798000,0.00084654,0.10471000
IG053882,0.06538000,0.00070329,0.07087000
KZ373856,0.08411000,0.00075018,0.10200000
OF215282,0.06797000,0.00043616,0.07485000
OG884951,0.05931000,0.00056617,0.07290000
PN375315,0.09138000,0.00079775,0.10998000
PV753450,0.08309000,0.00078208,0.09627000
SC680835,0.04586000,0.00062097,0.04932000
SC857468,0.07362000,0.00075833,0.08062000
TD169754,0.08520000,0.00072786,0.09770000
UR220432,0.09487000,0.00083627,0.11365000
VS987443,0.07671000,0.00065123,0.09811000
YZ765266,0.09871000,0.00085926,0.11046000
ZC277272,0.07076000,0.00071480,0.07466000
AI419880,0.06213000,0.00035310,0.07275000
EQ427020,0.07351000,0.00085107,0.08218000
FE789562,0.05669000,0.00053902,0.06234000
GY753639,0.07264000,0.00094436,0.10821000
IK672558,0.07012000,0.00069503,0.08340000
IV940855,0.07247000,0.00052685,0.08218000
KH410745,0.06322000,0.00082554,0.06564000
MT645316,0.04371000,0.00047269,0.05312000
OS835316,0.04163000,0.00057466,0.04411000
PH153703,0.05594000,0.00082667,0.05820000
SU802799,0.07401000,0.00091511,0.08001000
TW199824,0.05722000,0.00070708,0.06072000
UH905646,0.05568000,0.00068957,0.06411000
WH068307,0.07181000,0.00071421,0.08262000
XQ654957,0.04250000,0.00049464,0.04554000
YC912629,0.06338000,0.00094408,0.06789000
ZI588054,0.09898000,0.00086240,0.11454000
ZX742344,0.07513000,0.00084275,0.07873000
BP367380,0.07774000,0.00068284,0.09457000
DZ958878,0.11974000,0.00086219,0.14440000
GR856721,0.02396000,0.00051515,0.02498000
HH642834,0.05822000,0.00097807,0.06412000
JW331281,0.07046000,0.00107850,0.11311000
LD541574,0.06201000,0.00070355,0.06989000
MD017290,0.03735000,0.00061667,0.04358000
MW651937,0.08786000,0.00104999,0.10595000
OZ442015,0.10209000,0.00091863,0.13431000
RU189416,0.05618000,0.00054910,0.05734000
TS854723,0.05226000,0.00088822,0.05465000
UJ633658,0.05885000,0.00070966,0.06320000
UL388657,0.03624000,0.00041020,0.04011000
WG479585,0.05040000,0.00087433,0.05097000
AH954476,0.04265000,0.00055922,0.04852000
CW247724,0.06395000,0.00099814,0.06914000
DT197689,0.04450000,0.00046308,0.04576000
EO439129,0.05414000,0.00071991,0.05916000
GB346707,0.06614000,0.00090249,0.07359000
IN703823,0.08183000,0.00061843,0.11731000
MV401545,0.06686000,0.00078134,0.07665000
PE291148,0.03665000,0.00055762,0.03895000
PM383343,0.06130000,0.00036998,0.06790000
TR249275,0.07821000,0.00083126,0.08881000
WC440856,0.03052000,0.00065554,0.04620000
WX598960,0.07406000,0.00091290,0.07992000
YE912753,0.07006000,0.00116878,0.08517000
YU883868,0.01608000,0.00034570,0.01702000
YY988865,0.07535000,0.00080073,0.08160000
YZ113825,0.05982000,0.00051635,0.06849000
ZE100444,0.07743000,0.00094211,0.10810000
ZT370662,0.09562000,0.00073979,0.10926000
CU577679,0.04254000,0.00071137,0.04693000
JJ451223,0.08253000,0.00086140,0.10408000
LL341780,0.05646000,0.00084606,0.06659000
MM334107,0.10610000,0.00079092,0.11659000
MT926683,0.05436000,0.00067990,0.05980000
PA328028,0.02651000,0.00046247,0.02706000
PW579192,0.06964000,0.00080294,0.07822000
RF326353,0.11659000,0.00086403,0.15625000
SL233608,0.04597000,0.00078769,0.05341000
SM717841,0.06894000,0.00095268,0.07521000
TA620796,0.08875000,0.00095432,0.09278000
VY234263,0.06279000,0.00050694,0.06643000
WG852822,0.05938000,0.00076053,0.06120000
YV942117,0.05756000,0.00070146,0.06180000
ZJ820780,0.06366000,0.00051299,0.06901000
AI663614,0.09263000,0.00097183,0.16034000
CD455638,0.09774000,0.00107778,0.14831000
CG203297,0.05004000,0.00097675,0.05553000
DM486141,0.06088000,0.00088554,0.06820000
EK931793,0.09941000,0.00084149,0.11107000
HC293273,0.06712000,0.00084338,0.07475000
IB756171,0.09774000,0.00107778,0.14831000
KD258411,0.03747000,0.00037329,0.03798000
OC866849,0.03024000,0.00068608,0.03101000
RL299291,0.09933000,0.00073152,0.10690000
YB400702,0.04834000,0.00071960,0.05410000
YB599485,0.07492000,0.00076504,0.07739000
YD008671,0.06008000,0.00066145,0.06292000
YN251276,0.08766000,0.00071867,0.10744000
AD875088,0.02350000,0.00046308,0.03165000
BG455363,0.03217000,0.00066651,0.03833000
BX707409,0.11208000,0.00099172,0.13019000
BY656262,0.07260000,0.00078669,0.07399000
CU241212,0.04821000,0.00067304,0.05367000
DC116601,0.04533000,0.00047983,0.05356000
FN036373,0.06620000,0.00081021,0.07275000
FQ591029,0.07876000,0.00068867,0.08920000
GX642098,0.08461000,0.00076325,0.09730000
JQ503820,0.04710000,0.00049598,0.05209000
KT271657,0.04983000,0.00082003,0.05936000
LE923094,0.03288000,0.00055833,0.03369000
OZ370159,0.03773000,0.00036880,0.04321000
PW995997,0.09072000,0.00095531,0.09784000
QK851300,0.06049000,0.00091633,0.06812000
ZK094596,0.04899000,0.00090375,0.05134000
CC702072,0.09370000,0.00077717,0.10733000
CH796273,0.04666000,0.00069844,0.05264000
EL247113,0.09562000,0.00073979,0.10926000
EP440324,0.07951000,0.00086171,0.10671000
FU946944,0.09300000,0.00088719,0.10365000
FY552297,0.05474000,0.00039922,0.06215000
HE368595,0.09765000,0.00106032,0.13374000
HJ778699,0.09676000,0.00089009,0.11651000
HM524670,0.03718000,0.00053765,0.04142000
IQ442756,0.09174000,0.00075560,0.13063000
JD423803,0.09143000,0.00084997,0.12327000
JI639707,0.08840000,0.00091007,0.09658000
KG964615,0.05537000,0.00055858,0.05813000
KT138482,0.04142000,0.00080799,0.04788000
KZ477043,0.06941000,0.00071871,0.07847000
NP845180,0.04838000,0.00050964,0.05311000
NS410554,0.04784000,0.00076843,0.04905000
OW705404,0.04394000,0.00053379,0.05231000
PB770726,0.08882000,0.00085073,0.10531000
TV538691,0.09098000,0.00073103,0.09982000
UZ818372,0.05534000,0.00106147,0.07123000
WX037861,0.09249000,0.00071000,0.11276000
XS233951,0.12868000,0.00094561,0.15090000
YI335108,0.08538000,0.00074473,0.10403000
ZG039934,0.08187000,0.00084368,0.08486000
DJ241021,0.04567000,0.00047071,0.05025000
DL894556,0.06094000,0.00076916,0.07377000
EF262650,0.04651000,0.00056104,0.04745000
FJ315360,0.02651000,0.00046247,0.02706000
FR397048,0.06922000,0.00069949,0.07930000
GK275052,0.05661000,0.00085667,0.06091000
HG173625,0.05661000,0.00068742,0.05895000
HH607905,0.07264000,0.00083443,0.07642000
IB028541,0.09524000,0.00063407,0.09774000
IK737288,0.05458000,0.00044716,0.06342000
IZ882356,0.04481000,0.00044658,0.04514000
JM917596,0.09500000,0.00072465,0.11708000
KC683122,0.01712000,0.00042578,0.01742000
KG865106,0.04592000,0.00053909,0.04779000
LI329268,0.08766000,0.00071867,0.10744000
MP310830,0.09571000,0.00070545,0.10354000
MW707685,0.07023000,0.00072173,0.07840000
MY935343,0.07901000,0.00098966,0.12984000
RH600784,0.08727000,0.00082772,0.12125000
RK158581,0.03262000,0.00053951,0.03322000
SI657615,0.06777000,0.00061555,0.07402000
UJ858608,0.08611000,0.00073173,0.10502000
UT194883,0.04257000,0.00070790,0.04279000
VU236547,0.08297000,0.00072404,0.10157000
YB335119,0.04644000,0.00062293,0.04902000
ZT695305,0.07875000,0.00103722,0.10162000
BG557112,0.09806000,0.00074717,0.10786000
CB360697,0.07538000,0.00068828,0.09728000
DY566466,0.05080000,0.00048120,0.05575000
FD268208,0.05930000,0.00060937,0.06217000
GD049509,0.05468000,0.00114385,0.06352000
IV980629,0.10860000,0.00097798,0.12253000
KF271493,0.01848000,0.00048093,0.02005000
LK714581,0.08669000,0.00070623,0.10562000
MT578443,0.08091000,0.00074004,0.08569000
MT610848,0.03854000,0.00036944,0.04404000
NP594656,0.07763000,0.00094458,0.10223000
NY608269,0.08938000,0.00096768,0.10229000
OE704083,0.07515000,0.00079502,0.09295000
ON459466,0.05642000,0.00072431,0.06211000
PL375255,0.04511000,0.00083313,0.05265000
QF486379,0.10260000,0.00074177,0.13149000
QO131046,0.05289000,0.00065259,0.05562000
QZ214610,0.03951000,0.00044158,0.04090000
RS498156,0.08509000,0.00092849,0.09738000
TY648092,0.09343000,0.00082449,0.13830000
UW635468,0.08629000,0.00087311,0.12728000
VT365111,0.06426000,0.00116602,0.07591000
WB570014,0.05275000,0.00067235,0.06053000
WM142326,0.09694000,0.00087435,0.11106000
XC744092,0.05682000,0.00113263,0.06062000
YA003885,0.04786000,0.00043287,0.04938000
ZH374437,0.04572000,0.00064495,0.04667000
AJ588466,0.03463000,0.00045730,0.03566000
CJ942524,0.06194000,0.00095722,0.06915000
DR880178,0.06780000,0.00080457,0.07008000
EI492052,0.07151000,0.00061868,0.08943000
FA457711,0.08633000,0.00106719,0.10297000
FV068094,0.05017000,0.00054264,0.05036000
GY675187,0.10103000,0.00079065,0.10797000
HD432932,0.07238000,0.00095903,0.07774000
MR283895,0.07915000,0.00104033,0.09288000
NH936650,0.02438000,0.00040188,0.03317000
PS172901,0.07116000,0.00083589,0.09019000
QZ305528,0.10223000,0.00072481,0.12038000
RM606755,0.09119000,0.00075857,0.10180000
SF663454,0.02933000,0.00030986,0.02947000
SL376792,0.08652000,0.00092590,0.09915000
TP431425,0.05537000,0.00055858,0.05813000
TU246190,0.06243000,0.00054059,0.06541000
WL781475,0.05356000,0.00087219,0.05462000
WM370639,0.04310000,0.00065149,0.05113000
WQ553952,0.07431000,0.00086274,0.08444000
XH115119,0.07871000,0.00078761,0.08683000
YO621057,0.09292000,0.00073814,0.09875000
AN056765,0.09329000,0.00112244,0.10695000
AO895857,0.09088000,0.00117225,0.09600000
BA321062,0.05005000,0.00097402,0.05025000
BD574032,0.02651000,0.00035417,0.02749000
BZ275325,0.05877000,0.00080070,0.06157000
CR081968,0.02372000,0.00043328,0.02911000
EX155661,0.06699000,0.00071250,0.06950000
GP968505,0.06823000,0.00074656,0.07073000
IP840936,0.07188000,0.00044442,0.07552000
NE560956,0.05974000,0.00065510,0.06247000
NF005757,0.05625000,0.00042511,0.06042000
OL416633,0.02877000,0.00034353,0.03014000
OP518972,0.05592000,0.00092217,0.05657000
OR099414,0.07128000,0.00071193,0.07994000
OS252841,0.04211000,0.00054333,0.04597000
OW781235,0.05458000,0.00044716,0.06342000
PN231718,0.05622000,0.00063645,0.05684000
SZ972064,0.06492000,0.00087785,0.07191000
TH038973,0.04614000,0.00048263,0.05541000
VK243562,0.09796000,0.00086052,0.13741000
XM411141,0.05835000,0.00073322,0.06231000
XQ918599,0.02628000,0.00047347,0.03046000
XS919703,0.05407000,0.00068541,0.07508000
XT149820,0.01950000,0.00054467,0.02060000
XV738523,0.04838000,0.00050964,0.05311000
YI008527,0.04172000,0.00035396,0.04793000
YM026555,0.10454000,0.00120768,0.12252000
YQ511961,0.09018000,0.00090711,0.10657000
ZY339428,0.08595000,0.00072698,0.09028000
EN312634,0.06890000,0.00104360,0.08521000
FN198586,0.09977000,0.00090604,0.13312000
HH259934,0.05506000,0.00078658,0.05785000
IC506084,0.06194000,0.00089805,0.06616000
LB442555,0.04596000,0.00063826,0.05017000
LF922776,0.09071000,0.00093671,0.09652000
LI730809,0.05840000,0.00062183,0.05948000
MA289096,0.06423000,0.00059555,0.06552000
ME718412,0.04193000,0.00105273,0.04569000
MN756477,0.09645000,0.00062508,0.12159000
NY665367,0.07540000,0.00060185,0.08315000
OP481847,0.07218000,0.00087112,0.09931000
TQ390536,0.05709000,0.00075725,0.05795000
UG182832,0.08875000,0.00085456,0.09417000
UU047700,0.06546000,0.00048309,0.07127000
UW067254,0.06170000,0.00040083,0.06928000
VF477197,0.05688000,0.00070408,0.06354000
VL999909,0.03029000,0.00041054,0.03282000
VP308482,0.04079000,0.00057763,0.04964000
WF233416,0.07363000,0.00064067,0.08162000
XB162513,0.06639000,0.00064454,0.07060000
XK727574,0.05852000,0.00081565,0.06335000
XW686398,0.10615000,0.00081775,0.11184000
ZL119793,0.05785000,0.00080350,0.08149000
ZV563438,0.06872000,0.00099831,0.08101000
BJ473490,0.08670000,0.00073136,0.09520000
BY950416,0.02761000,0.00041405,0.02900000
DW018325,0.08335000,0.00075074,0.10058000
DW879977,0.06669000,0.00096959,0.06956000
EH539523,0.07343000,0.00065930,0.07811000
FW831458,0.09511000,0.00104737,0.10945000
HA119880,0.09465000,0.00093408,0.11513000
NG419064,0.04781000,0.00059841,0.05220000
NP589780,0.03206000,0.00054226,0.03342000
OD510699,0.02582000,0.00047535,0.02685000
PG803905,0.04378000,0.00058818,0.04792000
PS791389,0.05682000,0.00113263,0.06062000
PT990489,0.01849000,0.00042881,0.01849000
QT113700,0.03800000,0.00036757,0.03914000
QZ186262,0.05574000,0.00068851,0.06349000
ST162140,0.05458000,0.00044716,0.06342000
TI731664,0.05733000,0.00109849,0.05939000
VB077802,0.07900000,0.00081554,0.08507000
VS997541,0.06750000,0.00052068,0.07611000
WJ196194,0.06165000,0.00076118,0.06483000
WX378273,0.04696000,0.00069589,0.05215000
XK162854,0.09881000,0.00061055,0.11034000
XY160168,0.06764000,0.00081543,0.07150000
AJ891505,0.04675000,0.00034424,0.04791000
AK052983,0.08697000,0.00087674,0.11292000
BY277443,0.10324000,0.00091253,0.13368000
CU714354,0.05998000,0.00074294,0.06563000
DC957706,0.08572000,0.00089042,0.09263000
DR074297,0.06315000,0.00063897,0.07615000
FG902387,0.04885000,0.00071496,0.05539000
HE548457,0.07142000,0.00095042,0.07876000
IE505811,0.06888000,0.00064253,0.07788000
KD996653,0.07178000,0.00068082,0.07301000
LU243185,0.08367000,0.00095255,0.08750000
LW347198,0.10841000,0.00075564,0.14016000
MG883401,0.04616000,0.00065408,0.05683000
MQ099328,0.09449000,0.00101560,0.11085000
NR864503,0.07114000,0.00080543,0.08416000
OL048054,0.05974000,0.00073124,0.06296000
OO343430,0.06718000,0.00083756,0.08268000
PX423160,0.07222000,0.00078737,0.07842000
RM264272,0.04361000,0.00084135,0.04377000
SK499637,0.01691000,0.00049921,0.01712000
SN378137,0.09111000,0.00082374,0.11373000
SQ358496,0.10014000,0.00080349,0.10305000
TE370578,0.05446000,0.00048217,0.05765000
TO340081,0.05543000,0.00112161,0.05723000
TO569127,0.09121000,0.00066940,0.11536000
UB931860,0.09985000,0.00081052,0.12183000
VR847789,0.09434000,0.00119983,0.13816000
VX079278,0.01765000,0.00044303,0.01822000
WG606901,0.07447000,0.00064911,0.08430000
XE626384,0.04371000,0.00047269,0.05312000
YR566743,0.02653000,0.00044970,0.02659000
ZF792273,0.09239000,0.00066004,0.09774000
AA919263,0.11158000,0.00106352,0.18207000
BB148083,0.04645000,0.00028018,0.04754000
EI574944,0.10040000,0.00117700,0.14562000
FM634739,0.08207000,0.00088670,0.09396000
GH655330,0.10179000,0.00081642,0.12531000
JM757194,0.10227000,0.00097548,0.11831000
JN174072,0.04003000,0.00049823,0.04173000
JR658183,0.05852000,0.00081565,0.06335000
JS285396,0.06784000,0.00042484,0.07346000
KI034546,0.05043000,0.00109464,0.05285000
KI279575,0.09625000,0.00080059,0.10659000
LZ739624,0.03024000,0.00068608,0.03101000
MG245949,0.08840000,0.00091007,0.09658000
MY236910,0.05173000,0.00042845,0.05484000
NP095956,0.02982000,0.00047814,0.03540000
OR826293,0.05294000,0.00063389,0.05832000
OT894166,0.08977000,0.00086282,0.10723000
SF898078,0.04996000,0.00045685,0.05488000
TS228316,0.03735000,0.00061667,0.04358000
TX032049,0.05818000,0.00075628,0.06415000
UN859698,0.11916000,0.00075941,0.13500000
VV775396,0.07477000,0.00060444,0.09472000
YH915303,0.05938000,0.00054053,0.06341000
ZZ383896,0.10396000,0.00084580,0.12618000
AI289139,0.12334000,0.00083416,0.14504000
AZ436323,0.04897000,0.00056687,0.05047000
CM374720,0.09484000,0.00061558,0.10596000
CT849835,0.08467000,0.00073289,0.12878000
EN879707,0.03540000,0.00057329,0.03678000
EZ883373,0.06031000,0.00082131,0.07653000
FQ072342,0.08007000,0.00093274,0.08987000
HP035557,0.06514000,0.00086502,0.07260000
IG343955,0.05191000,0.00081424,0.05341000
KB328348,0.12655000,0.00109770,0.15575000
KK881118,0.05534000,0.00038361,0.06009000
MI360504,0.03473000,0.00071228,0.03482000
MJ017310,0.07644000,0.00079808,0.08595000
ND912084,0.11138000,0.00087772,0.12118000
NH243829,0.07801000,0.00102864,0.09177000
OW583283,0.08732000,0.00073557,0.09572000
QE052353,0.09111000,0.00082374,0.11373000
RT206143,0.04054000,0.00104469,0.04230000
SB277970,0.08043000,0.00091797,0.08534000
UE671470,0.04680000,0.00050618,0.04986000
VB628966,0.06824000,0.00067908,0.07248000
VI875864,0.06665000,0.00056436,0.07206000
VS684136,0.06031000,0.00058565,0.06240000
WB258446,0.02609000,0.00044208,0.02633000
WX194323,0.10339000,0.00090018,0.11204000
YU641238,0.08982000,0.00122155,0.10331000
AU586996,0.06224000,0.00076175,0.06506000
DQ804796,0.03358000,0.00057326,0.03503000
EE822574,0.08038000,0.00085046,0.09163000
EJ979278,0.07350000,0.00080194,0.09200000
GC769217,0.07838000,0.00089651,0.08555000
JQ416542,0.06266000,0.00048790,0.06526000
KA699526,0.06312000,0.00117121,0.06531000
MA647036,0.06229000,0.00062298,0.07220000
MX495884,0.06885000,0.00082317,0.06983000
OM805229,0.06977000,0.00083534,0.07680000
OQ415968,0.06836000,0.00077663,0.08375000
PF967643,0.05565000,0.00055902,0.05935000
RT169392,0.06248000,0.00075804,0.06838000
RX243136,0.06743000,0.00056215,0.08377000
SG417338,0.04394000,0.00053379,0.05231000
TJ094097,0.06157000,0.00091531,0.06573000
VM721100,0.06413000,0.00073878,0.07014000
WV623589,0.09879000,0.00068645,0.10578000
XC653229,0.05973000,0.00087395,0.06500000
ZJ926402,0.08170000,0.00072250,0.08655000
AP548960,0.08786000,0.00104999,0.10595000
BD940228,0.07107000,0.00074447,0.08010000
CS024658,0.08309000,0.00115705,0.09513000
DK756867,0.03910000,0.00038586,0.04015000
EQ981337,0.07876000,0.00068867,0.08920000
GO662209,0.07970000,0.00065727,0.08533000
GU236132,0.06176000,0.00049826,0.06293000
KA118426,0.05185000,0.00088346,0.05353000
MJ236116,0.08577000,0.00066817,0.10458000
PC349900,0.08715000,0.00076583,0.10485000
PW868809,0.05548000,0.00076635,0.05821000
QZ994733,0.08583000,0.00094529,0.09609000
SM492088,0.08007000,0.00093274,0.08987000
ST964388,0.10860000,0.00083997,0.12858000
TD080094,0.07309000,0.00085029,0.07795000
VF708164,0.06008000,0.00077672,0.07228000
XW509252,0.06319000,0.00069177,0.06889000
BL451101,0.08908000,0.00095961,0.10870000
CP437800,0.12242000,0.00076664,0.14874000
DH083727,0.04712000,0.00085762,0.04786000
EY617944,0.07392000,0.00091491,0.08543000
FO818879,0.08062000,0.00072046,0.08302000
FT888206,0.06505000,0.00075752,0.08099000
GC414305,0.07581000,0.00066557,0.08273000
JL036420,0.08108000,0.00078157,0.08891000
KJ592597,0.05852000,0.00081565,0.06335000
LE083915,0.08363000,0.00110565,0.10646000
MA086950,0.07466000,0.00067843,0.07897000
NL203214,0.05387000,0.00096529,0.05543000
RE754398,0.05503000,0.00088469,0.06066000
RY613181,0.04182000,0.00078991,0.04691000
SD909203,0.05610000,0.00077860,0.05759000
SH271275,0.10096000,0.00090740,0.12833000
TT770421,0.07241000,0.00055065,0.08221000
TU904333,0.03451000,0.00063761,0.03561000
UP272365,0.02582000,0.00047535,0.02685000
WS993881,0.06759000,0.00088411,0.07198000
XK412876,0.06962000,0.00081538,0.08239000
YT686462,0.07606000,0.00086797,0.09316000
YX193539,0.08351000,0.00098888,0.12340000
ZF254339,0.09024000,0.00091423,0.09415000
AN801016,0.04257000,0.00070790,0.04279000
AP783434,0.06496000,0.00067300,0.08008000
BE099274,0.01849000,0.00042881,0.01849000
CR195193,0.10204000,0.00051752,0.11455000
GM551205,0.06556000,0.00052200,0.06903000
HO216759,0.09484000,0.00105748,0.14647000
IO169657,0.11024000,0.00090200,0.13674000
MD570774,0.05048000,0.00108534,0.05222000
PJ729478,0.07709000,0.00052185,0.09456000
XP870786,0.08143000,0.00085636,0.08521000
YL892257,0.10448000,0.00080813,0.11501000
ZH585728,0.06402000,0.00049862,0.06904000
ZW725633,0.07220000,0.00079078,0.09908000
BN163408,0.07945000,0.00068722,0.09851000
BV652107,0.06406000,0.00070351,0.07537000
EP826129,0.08495000,0.00082506,0.09441000
HG877982,0.10170000,0.00090370,0.12674000
HI763616,0.05534000,0.00060004,0.07170000
IN074031,0.10890000,0.00113559,0.11646000
IV487195,0.07805000,0.00117296,0.09872000
IY406522,0.04295000,0.00050205,0.04764000
JP389116,0.04904000,0.00076350,0.05252000
KJ238343,0.09262000,0.00103964,0.10899000
MB990307,0.10702000,0.00103889,0.12615000
MI013541,0.09961000,0.00077810,0.12180000
QO539853,0.06228000,0.00086510,0.07102000
RI645610,0.08251000,0.00064178,0.09389000
TF132355,0.11232000,0.00099295,0.13047000
WF098442,0.07839000,0.00077638,0.08214000
WW621794,0.06626000,0.00108630,0.07913000
CA664206,0.08241000,0.00096303,0.08334000
DB719328,0.07324000,0.00057931,0.08476000
DT109230,0.06032000,0.00034474,0.06569000
FV129697,0.09429000,0.00096844,0.11830000
GL764741,0.07196000,0.00082881,0.07302000
HR150352,0.08045000,0.00068219,0.08647000
IY582475,0.08174000,0.00108753,0.08282000
LR544436,0.09311000,0.00071266,0.11306000
LZ556947,0.05231000,0.00076702,0.05333000
NI555118,0.06642000,0.00073224,0.07198000
NO558430,0.08086000,0.00086194,0.11822000
PO599962,0.09560000,0.00082016,0.14213000
QQ122966,0.05538000,0.00048093,0.05769000
RA448371,0.07619000,0.00102594,0.09114000
UR039273,0.05492000,0.00032857,0.05632000
UU457916,0.07654000,0.00074434,0.09532000
VO447635,0.04849000,0.00067469,0.05063000
YI669458,0.06561000,0.00095108,0.07144000
ZX303297,0.06026000,0.00084264,0.06457000
AF406418,0.09213000,0.00086500,0.10501000
AH216825,0.08461000,0.00075505,0.08610000
CB980147,0.04047000,0.00051013,0.04307000
DP857913,0.06770000,0.00064326,0.08430000
FF987914,0.08484000,0.00089520,0.10508000
GZ870894,0.11286000,0.00089296,0.13585000
IB207672,0.05947000,0.00065592,0.06384000
IK144116,0.08795000,0.00068900,0.11758000
IL112662,0.05122000,0.00066413,0.05762000
KN168588,0.07474000,0.00057198,0.11778000
LD646751,0.08506000,0.00079347,0.10475000
LJ213345,0.08895000,0.00073064,0.10832000
LJ413431,0.05465000,0.00050404,0.06878000
LQ937165,0.08034000,0.00094271,0.09151000
LZ664850,0.07008000,0.00069407,0.07179000
OZ912616,0.00298000,0.00021746,0.00305000
PG408469,0.09522000,0.00103718,0.13334000
PS726558,0.05594000,0.00082667,0.05820000
RB741231,0.06167000,0.00058387,0.06515000
RD469703,0.07646000,0.00104618,0.08448000
RV981815,0.06520000,0.00078641,0.07541000
RX295147,0.10623000,0.00076740,0.13314000
TW555037,0.06521000,0.00061236,0.06958000
VR974691,0.01992000,0.00035740,0.02023000
VT439023,0.06856000,0.00070304,0.07869000
YH901261,0.05543000,0.00039017,0.05762000
ZK802313,0.08366000,0.00076000,0.10207000
ZO158210,0.10000000,0.00080028,0.16754000
BF080539,0.05577000,0.00072019,0.06884000
DG100147,0.07309000,0.00066907,0.08048000
DR570890,0.10787000,0.00103011,0.14458000
EO910001,0.09458000,0.00106352,0.13994000
EQ924504,0.08143000,0.00085636,0.08521000
EY863064,0.08228000,0.00082567,0.08926000
FC067855,0.06676000,0.00061630,0.07700000
GR143555,0.03690000,0.00061246,0.03794000
JD809822,0.06240000,0.00057465,0.06391000
JI866544,0.04671000,0.00075945,0.04753000
KM672291,0.07736000,0.00092342,0.08774000
MP430689,0.03164000,0.00065255,0.03372000
NE455314,0.04209000,0.00039650,0.04228000
NG601396,0.04677000,0.00055036,0.05349000
NN070436,0.09939000,0.00081492,0.11356000
NV234451,0.05751000,0.00110940,0.05989000
OD563707,0.08603000,0.00095453,0.09343000
PQ019402,0.03427000,0.00049934,0.03553000
QJ432676,0.07028000,0.00081878,0.07464000
TE746331,0.03416000,0.00061846,0.03726000
YT556349,0.08553000,0.00082503,0.09375000
BF956201,0.09530000,0.00113656,0.14739000
BO691217,0.08181000,0.00094168,0.08490000
BW588321,0.07142000,0.00095042,0.07876000
CM345531,0.07827000,0.00089381,0.07919000
CZ908459,0.09043000,0.00095208,0.09691000
DH345617,0.04244000,0.00103012,0.04446000
DP953249,0.05471000,0.00081846,0.05525000
EJ708176,0.10092000,0.00073330,0.11244000
ER096137,0.06946000,0.00107705,0.07609000
HD143613,0.07298000,0.00079538,0.07710000
HV906622,0.03940000,0.00060037,0.04009000
IE795484,0.05344000,0.00039277,0.05956000
IJ433188,0.07754000,0.00089718,0.12334000
IM301482,0.06916000,0.00094671,0.07600000
IM308572,0.06113000,0.00072802,0.07389000
IY740960,0.07904000,0.00061105,0.08381000
LJ501075,0.07412000,0.00106163,0.07806000
QA401796,0.06552000,0.00082108,0.07122000
SE569393,0.03845000,0.00049983,0.03962000
TX408749,0.07576000,0.00071526,0.11713000
UR037737,0.05734000,0.00084646,0.06467000
VU634626,0.02072000,0.00035144,0.02114000
WF523568,0.05964000,0.00075868,0.07796000
XU469861,0.05595000,0.00077535,0.06314000
BR857502,0.10168000,0.00103760,0.13276000
DE430582,0.10219000,0.00078251,0.11642000
DK753827,0.04377000,0.00030516,0.04487000
EB388647,0.05555000,0.00078348,0.06148000
EU139890,0.03456000,0.00073940,0.03460000
HG213091,0.06089000,0.00092056,0.06565000
HH230546,0.11252000,0.00087061,0.15557000
JF991036,0.07685000,0.00121053,0.08712000
KF580579,0.07250000,0.00053500,0.07940000
KO267493,0.05466000,0.00082127,0.05755000
MB313563,0.02484000,0.00046289,0.02589000
PY916704,0.05275000,0.00113365,0.05736000
QM120917,0.08108000,0.00065282,0.08655000
QP194424,0.06669000,0.00096959,0.06956000
RD412780,0.10100000,0.00081622,0.12759000
RN967996,0.06855000,0.00059222,0.07335000
TX586079,0.07279000,0.00058470,0.08431000
UD586728,0.10675000,0.00086824,0.12781000
UW666903,0.05717000,0.00071322,0.05763000
VE077996,0.05603000,0.00058860,0.05782000
VO581533,0.02979000,0.00033248,0.03147000
XA334516,0.07141000,0.00085796,0.07604000
XF280080,0.07607000,0.00060093,0.10652000
YI633805,0.04385000,0.00099468,0.04421000
YR519762,0.04555000,0.00070652,0.05229000
ZK526534,0.07944000,0.00071012,0.08237000
DK273036,0.10598000,0.00108769,0.11861000
DM301970,0.05442000,0.00056643,0.07007000
GC996651,0.05300000,0.00073379,0.05880000
IT581561,0.08157000,0.00104276,0.08449000
IV185293,0.06639000,0.00085719,0.07609000
LJ345209,0.04977000,0.00064049,0.05845000
LQ921060,0.06434000,0.00074687,0.07597000
NE921221,0.08068000,0.00083836,0.10680000
PS842981,0.06125000,0.00045540,0.06364000
RA926807,0.07089000,0.00067023,0.07666000
WC205663,0.08739000,0.00096534,0.10442000
WL137245,0.07425000,0.00075502,0.08443000
WM306951,0.04600000,0.00067544,0.04965000
WP072873,0.05982000,0.00051635,0.06849000
YK675744,0.05333000,0.00055358,0.06599000
YU626285,0.09571000,0.00070545,0.10354000
ZK342685,0.07059000,0.00065157,0.07707000
DS616046,0.08976000,0.00086451,0.13649000
FI164601,0.06013000,0.00062965,0.07434000
GG613373,0.09269000,0.00088348,0.09864000
GK892986,0.06954000,0.00066403,0.07921000
HA469182,0.11360000,0.00072786,0.14204000
KU939300,0.08201000,0.00078379,0.08758000
LM168179,0.08170000,0.00072250,0.08655000
OD052630,0.08075000,0.00081530,0.08180000
OE955832,0.08357000,0.00058501,0.09679000
OP247065,0.03423000,0.00052664,0.03961000
OZ621986,0.05014000,0.00051320,0.05203000
RW388101,0.05929000,0.00083964,0.06972000
SD891023,0.08632000,0.00092277,0.08949000
WU141380,0.08577000,0.00066817,0.10458000
WY430099,0.06407000,0.00078839,0.06933000
XI023833,0.02968000,0.00042682,0.03523000
XK805958,0.09050000,0.00093178,0.10278000
YR534379,0.10028000,0.00079370,0.11611000
AY728758,0.04570000,0.00066399,0.04978000
CH836399,0.09118000,0.00113047,0.10463000
DF482553,0.02072000,0.00035144,0.02114000
DS424270,0.08756000,0.00073895,0.09428000
GZ954783,0.10028000,0.00095065,0.11443000
JC504331,0.05506000,0.00078658,0.05785000
JD755987,0.02281000,0.00037726,0.02813000
KI514356,0.06884000,0.00071805,0.07072000
KL738755,0.08840000,0.00085453,0.11375000
KN186707,0.07115000,0.00091848,0.07850000
MT269010,0.05765000,0.00043570,0.07166000
NJ492568,0.07538000,0.00090784,0.08393000
NL685509,0.05256000,0.00107416,0.05797000
OW338232,0.08938000,0.00093664,0.09748000
PM135012,0.04209000,0.00039650,0.04228000
PS208416,0.08701000,0.00099258,0.11098000
PY486092,0.07888000,0.00068925,0.08699000
QD664127,0.08069000,0.00109752,0.09890000
RI100586,0.09514000,0.00080598,0.12881000
RW567050,0.08284000,0.00073744,0.12019000
SQ789755,0.08502000,0.00072446,0.09078000
UD810304,0.05236000,0.00033005,0.05414000
UP639709,0.04862000,0.00102413,0.05490000
WG937133,0.08816000,0.00069253,0.10921000
WZ633302,0.08980000,0.00091421,0.10874000
YG749643,0.06378000,0.00083211,0.07443000
YQ266016,0.08200000,0.00091043,0.09498000
YQ653157,0.09100000,0.00090909,0.09385000
ZO253625,0.07251000,0.00087882,0.08695000
ZQ021549,0.07567000,0.00057485,0.08940000
CE919172,0.05399000,0.00072379,0.05933000
DD869488,0.07646000,0.00091107,0.08859000
DN709186,0.08285000,0.00090250,0.09411000
EB405485,0.10275000,0.00098412,0.14751000
HA424390,0.05799000,0.00055044,0.07552000
HU860149,0.08671000,0.00098245,0.13154000
HY288210,0.05629000,0.00105583,0.06020000
IJ267060,0.05072000,0.00057750,0.05363000
IJ938694,0.06605000,0.00104809,0.07576000
IU057564,0.08028000,0.00087048,0.08615000
KE694138,0.10255000,0.00091485,0.12312000
LR648308,0.08918000,0.00080922,0.11627000
NN760931,0.07530000,0.00091652,0.08441000
NV186145,0.06073000,0.00084394,0.07068000
NW458476,0.04664000,0.00049960,0.05985000
SQ342450,0.05463000,0.00104733,0.06013000
SY001440,0.09523000,0.00082247,0.14238000
WC509975,0.07731000,0.00097450,0.11061000
XB540163,0.07178000,0.00095357,0.08326000
ZK699203,0.06687000,0.00073122,0.07300000
BU258265,0.06147000,0.00083467,0.06940000
CS636630,0.08274000,0.00098434,0.09454000
CY423132,0.09628000,0.00086536,0.11457000
FM860744,0.08825000,0.00095908,0.09713000
IS891001,0.09385000,0.00080184,0.11319000
JM263371,0.10318000,0.00104316,0.12882000
KM601311,0.05420000,0.00035024,0.05648000
MM286349,0.04305000,0.00038593,0.04453000
OD704763,0.08434000,0.00061413,0.09497000
OU070759,0.08735000,0.00078475,0.09885000
QP957710,0.08859000,0.00082414,0.10987000
RL045521,0.08395000,0.00066219,0.09322000
UX818012,0.04929000,0.00051217,0.05917000
WI153171,0.08986000,0.00082734,0.11208000
XD202884,0.07238000,0.00095903,0.07774000
XJ239469,0.04481000,0.00042096,0.04592000
XP592070,0.07181000,0.00076223,0.08082000
CI009821,0.08597000,0.00103366,0.08813000
CW956274,0.09757000,0.00082395,0.11509000
FL718778,0.08510000,0.00112655,0.08876000
HJ341308,0.04780000,0.00036938,0.06066000
IL793595,0.02087000,0.00041205,0.02121000
IO180287,0.03903000,0.00050488,0.04041000
IQ553381,0.06834000,0.00063372,0.07667000
IT690202,0.06427000,0.00063754,0.06537000
JD896803,0.09118000,0.00070471,0.12200000
JN789460,0.06620000,0.00081021,0.07275000
ME751004,0.04911000,0.00074884,0.05339000
RS929970,0.03505000,0.00040859,0.03613000
YQ690189,0.06559000,0.00075240,0.07226000
ZM495295,0.05825000,0.00069542,0.06493000
AJ060934,0.07900000,0.00087394,0.09485000
DF384822,0.05446000,0.00048217,0.05765000
EG383799,0.06696000,0.00062897,0.06871000
GF170625,0.05206000,0.00042667,0.05424000
GQ117672,0.07217000,0.00047890,0.08482000
HM704600,0.05645000,0.00069702,0.05857000
LB607333,0.06484000,0.00061377,0.07115000
NM969273,0.04560000,0.00082543,0.04876000
OR743518,0.08298000,0.00069981,0.09264000
QK745450,0.07749000,0.00089125,0.09590000
QP994107,0.04483000,0.00040635,0.04499000
SN968302,0.04546000,0.00049625,0.06007000
WM051316,0.09425000,0.00089060,0.10068000
XY337478,0.08190000,0.00069442,0.10318000
YK193564,0.04329000,0.00092801,0.04352000
CG383415,0.04941000,0.00080505,0.05318000
CO637650,0.07467000,0.00064015,0.09726000
EB780441,0.09774000,0.00083708,0.10340000
ES720972,0.10470000,0.00092820,0.11920000
FQ781658,0.05848000,0.00083064,0.06942000
JO533617,0.09911000,0.00069401,0.11756000
KE061649,0.08626000,0.00064191,0.09504000
LL204901,0.06246000,0.00081816,0.08837000
MN398266,0.07427000,0.00076479,0.08838000
MZ946567,0.08986000,0.00082734,0.11208000
NF584722,0.07627000,0.00096218,0.09354000
OY229666,0.06932000,0.00087798,0.11155000
PA236764,0.09230000,0.00106792,0.11877000
PP274205,0.08786000,0.00104999,0.10595000
RH563185,0.03126000,0.00042693,0.03227000
SH122153,0.04988000,0.00048781,0.05752000
SP276688,0.08948000,0.00084008,0.12211000
TA931155,0.05191000,0.00092622,0.05377000
AM575114,0.04632000,0.00036326,0.04828000
CC355649,0.08593000,0.00097708,0.09595000
CF773926,0.09855000,0.00083056,0.14176000
IE285088,0.08875000,0.00095432,0.09278000
JU006201,0.07507000,0.00085219,0.08441000
NE982910,0.05186000,0.00040227,0.06056000
OJ264581,0.04739000,0.00055186,0.06219000
ON455477,0.03217000,0.00066651,0.03833000
RT030006,0.05403000,0.00064808,0.06521000
SD028427,0.09635000,0.00101218,0.10396000
SY259900,0.06853000,0.00062076,0.07675000
TA865919,0.04169000,0.00040454,0.04232000
YW286579,0.04209000,0.00039650,0.04228000
ZU115700,0.03914000,0.00037423,0.04170000
ZU944390,0.08869000,0.00103037,0.09714000
BB892688,0.05262000,0.00061604,0.05527000
CN518405,0.05733000,0.00109849,0.05939000
CP570210,0.02072000,0.00035144,0.02114000
EA843645,0.11927000,0.00058387,0.18923000
FC638791,0.08396000,0.00071929,0.08715000
HM265065,0.09323000,0.00110112,0.14299000
IO630165,0.04212000,0.00054870,0.04290000
JP019086,0.07524000,0.00073609,0.08107000
KA251902,0.04114000,0.00078375,0.04280000
LU597217,0.05157000,0.00055898,0.05266000
NQ168708,0.06331000,0.00090731,0.06681000
TH671342,0.08181000,0.00074318,0.11262000
VY563784,0.11111000,0.00107470,0.12322000
XG294932,0.09875000,0.00087803,0.11064000
AG183498,0.09753000,0.00077403,0.12281000
CF602090,0.05849000,0.00071421,0.05939000
DX937247,0.04455000,0.00047241,0.04523000
EU725596,0.06994000,0.00082478,0.07964000
EY684077,0.05328000,0.00082540,0.05560000
HR473373,0.09422000,0.00079075,0.10828000
KX293532,0.05960000,0.00048465,0.06870000
LJ970887,0.03966000,0.00041074,0.04116000
NV509595,0.07504000,0.00083549,0.08886000
PE010787,0.01306000,0.00036000,0.01345000
QD162536,0.05226000,0.00072268,0.06158000
UA949121,0.06060000,0.00070411,0.06451000
VV580731,0.06561000,0.00095108,0.07144000
YO886748,0.03862000,0.00030761,0.03916000
ZD030437,0.10429000,0.00068223,0.12835000
ZN003309,0.09183000,0.00100643,0.09572000
Pat02,0.06843000,0.00073061,0.07520000
Pat03,0.06823000,0.00061861,0.08180000
Pat04,0.07713000,0.00095383,0.10229000
Pat06,0.08772000,0.00097705,0.10482000
Pat07,0.03977000,0.00049600,0.04849000
Pat08,0.09734000,0.00095489,0.11150000
Pat100,0.10057000,0.00085636,0.14151000
Pat101,0.09881000,0.00061055,0.11034000
Pat103,0.04006000,0.00057275,0.04601000
Pat104,0.10860000,0.00083997,0.12858000
Pat105,0.05852000,0.00081565,0.06335000
Pat106,0.10094000,0.00096012,0.11700000
Pat109,0.09656000,0.00084185,0.11236000
Pat11,0.10599000,0.00096038,0.12466000
Pat110,0.06479000,0.00091935,0.07999000
Pat113,0.03225000,0.00038304,0.03430000
Pat115,0.09487000,0.00083627,0.11365000
Pat117,0.07754000,0.00060004,0.08606000
Pat118,0.06699000,0.00071250,0.06950000
Pat119,0.07652000,0.00099497,0.07866000
Pat121,0.04662000,0.00103718,0.04884000
Pat123,0.06095000,0.00094578,0.06676000
Pat124,0.06233000,0.00097594,0.07761000
Pat126,0.08251000,0.00064178,0.09389000
Pat127,0.07262000,0.00110401,0.07849000
Pat128,0.03976000,0.00062204,0.04167000
Pat129,0.06790000,0.00064135,0.08441000
Pat13,0.03790000,0.00055538,0.03963000
Pat130,0.08844000,0.00089171,0.11381000
Pat131,0.05868000,0.00073934,0.05976000
Pat132,0.03800000,0.00036757,0.03914000
Pat133,0.07160000,0.00063034,0.07598000
Pat135,0.08000000,0.00080623,0.09130000
Pat138,0.06408000,0.00080275,0.06679000
Pat139,0.09971000,0.00106515,0.16948000
Pat14,0.09318000,0.00067869,0.10109000
Pat140,0.07362000,0.00078028,0.08017000
Pat143,0.10395000,0.00097699,0.14997000
Pat147,0.03929000,0.00060763,0.04120000
Pat148,0.06546000,0.00074240,0.07670000
Pat15,0.07486000,0.00082774,0.13127000
Pat151,0.11189000,0.00087768,0.13735000
Pat157,0.06066000,0.00071790,0.07491000
Pat159,0.04625000,0.00098559,0.05004000
Pat16,0.07650000,0.00090554,0.08256000
Pat160,0.07401000,0.00081410,0.08837000
Pat162,0.03977000,0.00049600,0.04849000
Pat163,0.08007000,0.00074521,0.10184000
Pat165,0.11217000,0.00106176,0.13014000
Pat166,0.10358000,0.00078525,0.11503000
Pat167,0.12028000,0.00117197,0.14613000
Pat168,0.08766000,0.00071867,0.10744000
Pat17,0.08101000,0.00088963,0.09298000
Pat170,0.07343000,0.00112260,0.07573000
Pat171,0.03772000,0.00037854,0.04699000
Pat174,0.05791000,0.00092813,0.06363000
Pat175,0.07094000,0.00067284,0.07939000
Pat18,0.07743000,0.00082530,0.08457000
Pat19,0.06859000,0.00090890,0.08086000
Pat21,0.03554000,0.00028174,0.03607000
Pat24,0.06807000,0.00075396,0.09064000
Pat25,0.08169000,0.00068710,0.10031000
Pat27,0.06822000,0.00064787,0.06875000
Pat28,0.06383000,0.00042558,0.06633000
Pat29,0.11285000,0.00078842,0.12915000
Pat32,0.07939000,0.00068515,0.08943000
Pat33,0.06230000,0.00062628,0.07963000
Pat36,0.05579000,0.00057763,0.05826000
Pat37,0.02734000,0.00033139,0.02936000
Pat38,0.10808000,0.00102196,0.12338000
Pat39,0.06456000,0.00067350,0.07229000
Pat40,0.05852000,0.00081565,0.06335000
Pat41,0.05973000,0.00087395,0.06500000
Pat43,0.07881000,0.00078066,0.09441000
Pat44,0.06072000,0.00053682,0.07089000
Pat45,0.06299000,0.00113759,0.07080000
Pat46,0.03322000,0.00052000,0.03895000
Pat47,0.07245000,0.00086220,0.09303000
Pat49,0.04278000,0.00052277,0.04353000
Pat50,0.10160000,0.00097240,0.11149000
Pat54,0.09562000,0.00073979,0.10926000
Pat55,0.09126000,0.00085339,0.09752000
Pat56,0.08503000,0.00080028,0.10331000
Pat57,0.05417000,0.00062682,0.05993000
Pat58,0.10425000,0.00102190,0.16251000
Pat59,0.07951000,0.00086171,0.10671000
Pat60,0.05477000,0.00052133,0.05673000
Pat62,0.08043000,0.00076769,0.09446000
Pat63,0.03170000,0.00042714,0.03403000
Pat64,0.06266000,0.00048790,0.06526000
Pat66,0.05735000,0.00099412,0.06581000
Pat67,0.06319000,0.00068434,0.06917000
Pat70,0.05808000,0.00060126,0.06379000
Pat71,0.09659000,0.00088888,0.11564000
Pat73,0.08878000,0.00078935,0.10759000
Pat74,0.10672000,0.00055554,0.12762000
Pat76,0.03997000,0.00052790,0.04272000
Pat77,0.07175000,0.00084948,0.07761000
Pat78,0.03771000,0.00029077,0.03955000
Pat79,0.06266000,0.00085482,0.06938000
Pat80,0.10358000,0.00078525,0.11503000
Pat81,0.08734000,0.00082195,0.10139000
Pat82,0.08743000,0.00067265,0.10004000
Pat83,0.02599000,0.00047667,0.03188000
Pat85,0.07381000,0.00078024,0.08041000
Pat86,0.08405000,0.00089719,0.09024000
Pat88,0.08045000,0.00068219,0.08647000
Pat90,0.04669000,0.00063499,0.05237000
Pat92,0.04551000,0.00050891,0.04734000
Pat98,0.03910000,0.00038586,0.04015000
