Patient ID,BRCA2mutant,IPRES signature,Response,Purity,Ploidy,AvgCov,PctCov15,TotalNonSyn,TotalNonSyn_Exp,TotalIndelNonSyn,TotalIndelNonSyn_Exp,Binder,Binder_WT_NonBinder,StrongBinder,StrongBinder_WT_NonStrongBinder,StrongBinder_WT_NonBinder,Binder_Exp,Binder_WT_NonBinder_Exp,StrongBinder_Exp,StrongBinder_WT_NonStrongBinder_Exp,StrongBinder_WT_NonBinder_Exp,Binder_2,Binder_WT_NonBinder_2,StrongBinder_2,StrongBinder_WT_NonStrongBinder_2,StrongBinder_WT_NonBinder_2,Binder_Exp_2,Binder_WT_NonBinder_Exp_2,StrongBinder_Exp_2,StrongBinder_WT_NonStrongBinder_Exp_2,StrongBinder_WT_NonBinder_Exp_2,Total,A>G,C>T,A>C,A>T,C>A,C>G,A>G.frac,C>T.frac,A>C.frac,A>T.frac,C>A.frac,C>G.frac
Pt1,1,Y,NR,0.25,5.4,126.61,95.5,1645,1394,0,0,755,206,466,240,100,395,118,243,132,60,445,183,278,218,92,228,92,140,109,49,9469,322,8587,97,233,176,54,0.034005703,0.906853944,0.010243954,0.024606611,0.018586968,0.00570282
Pt2,0,N,R,0.53,3.9,126.83,97.5,1943,1699,6,1,897,263,487,206,98,493,139,255,102,50,454,197,325,253,125,233,106,155,123,62,14127,714,12168,240,527,288,190,0.050541516,0.861329369,0.016988745,0.037304452,0.020386494,0.013449423
Pt3,1,na,R,0.79,2.2,91.44,96.6,1146,0,10,0,631,176,318,167,58,0,0,0,0,0,379,139,249,174,71,0,0,0,0,0,5475,226,4938,87,98,73,53,0.041278539,0.901917808,0.015890411,0.017899543,0.013333333,0.009680365
Pt4,1,N,R,0.74,3.7,127.77,96,3985,3438,19,8,1659,467,898,422,197,951,286,521,254,126,903,374,611,496,188,516,216,353,281,107,26110,1673,21998,508,1024,529,378,0.064075067,0.842512447,0.019456147,0.03921869,0.020260437,0.014477212
Pt5,0,N,R,0.89,3.4,102.26,95.8,316,276,2,1,189,62,125,69,39,77,26,49,28,14,104,43,72,62,25,46,20,33,29,14,1875,115,1562,46,61,60,31,0.061333333,0.833066667,0.024533333,0.032533333,0.032,0.016533333
Pt6,0,N,R,0.65,2.6,119.34,95.3,238,206,1,0,95,29,42,22,10,54,19,21,15,6,58,28,19,15,7,36,18,12,10,4,1684,125,1346,41,54,61,57,0.074228029,0.799287411,0.024346793,0.032066508,0.036223278,0.033847981
Pt7,0,N,NR,0.7,5.4,150.84,97.2,1217,1070,2,1,489,145,288,152,69,239,79,134,74,33,368,168,246,200,96,176,80,119,96,50,7866,343,6846,186,203,182,106,0.04360539,0.870327994,0.023646072,0.025807272,0.023137554,0.013475718
Pt8,0,N,R,0.7,4,124.04,96.8,807,673,4,2,165,49,97,52,24,107,30,63,33,15,151,57,89,72,24,102,39,59,46,17,3756,429,3068,67,84,73,35,0.114217252,0.816826411,0.017838126,0.022364217,0.01943557,0.009318424
Pt9,0,N,R,0.14,2.5,149.78,97.2,495,436,2,0,243,77,106,50,19,128,42,52,22,10,140,57,60,44,15,66,35,24,17,9,2881,176,2433,56,93,65,58,0.061089899,0.844498438,0.019437695,0.032280458,0.022561611,0.020131899
Pt10,0,Y,NR,0.63,4.6,140.99,96.2,232,200,1,0,90,22,45,21,8,58,18,33,17,7,53,25,21,17,6,36,21,14,13,4,1639,137,1199,54,63,122,64,0.083587553,0.731543624,0.032946919,0.038438072,0.074435631,0.0390482
Pt11,0,na,NR,0.72,3.1,124.27,94,253,221,7,1,127,39,54,18,10,67,17,31,11,5,95,46,67,56,25,52,25,39,32,14,1942,130,1519,77,67,111,38,0.066941298,0.782183316,0.039649846,0.034500515,0.05715757,0.019567456
Pt12,0,Y,NR,0.66,3.6,144.8,97.3,104,61,6,4,52,17,22,9,3,21,8,6,2,1,35,11,20,15,5,13,3,5,4,0,678,154,353,27,19,54,71,0.227138643,0.520648968,0.039823009,0.028023599,0.079646018,0.104719764
Pt13,0,Y,R,0.48,2.2,101.28,95.2,460,387,4,0,231,64,117,61,26,124,36,62,27,14,123,54,88,73,33,62,28,47,41,17,2989,164,2560,64,94,55,52,0.054867849,0.856473737,0.021411843,0.031448645,0.018400803,0.017397123
Pt14,0,Y,NR,0.54,3.1,162.37,97.1,1465,1260,3,1,679,225,347,166,84,366,124,187,92,47,327,120,233,177,70,171,66,124,97,41,9407,315,8340,179,272,206,95,0.033485702,0.886573828,0.019028383,0.028914638,0.021898586,0.010098863
Pt15,0,N,R,0.5,2.7,150.61,97,523,459,2,0,252,80,159,98,39,125,46,72,50,20,166,73,120,91,45,82,38,56,41,24,2976,168,2540,63,96,60,49,0.056451613,0.853494624,0.021169355,0.032258065,0.02016129,0.016465054
Pt16,0,Y,NR,0.28,2.2,223.48,97.9,526,286,8,3,263,84,166,94,42,84,33,43,21,14,164,64,107,84,38,47,16,32,25,7,2615,136,2250,42,89,63,35,0.052007648,0.86042065,0.016061185,0.034034417,0.024091778,0.013384321
Pt17,0,na,NR,0.47,2.1,122.36,93.6,849,733,2,0,418,137,179,82,45,209,65,86,37,19,273,118,187,145,69,137,62,89,64,35,4859,245,4176,125,138,96,79,0.050421898,0.859436098,0.025725458,0.028400906,0.019757152,0.016258489
Pt18,0,na,R,0.52,3.4,119.36,96,312,164,2,2,156,45,79,32,14,39,14,20,11,6,95,37,52,33,13,27,13,14,8,4,2273,132,1924,41,66,70,40,0.058073031,0.846458425,0.018037835,0.029036516,0.030796304,0.017597888
Pt19,1,N,R,0.62,3.4,119.81,95.4,655,562,9,2,263,71,145,78,30,120,32,73,40,14,125,57,81,59,30,55,27,37,26,14,4724,279,4031,91,149,112,62,0.059060119,0.853302286,0.019263336,0.031541067,0.023708721,0.013124471
Pt20,0,N,NR,0.23,3,133.71,97.2,577,475,1,0,265,83,116,64,25,146,43,57,33,10,141,68,102,79,39,77,31,54,39,14,3219,269,2541,123,110,97,79,0.083566325,0.789375582,0.038210624,0.034172103,0.030133582,0.024541783
Pt21,1,na,R,0.95,3.8,143.3,97.1,239,207,1,0,115,37,57,25,11,50,17,22,9,3,54,27,34,28,16,24,11,14,10,4,1734,93,1457,38,60,49,37,0.053633218,0.840253749,0.021914648,0.034602076,0.028258362,0.021337947
Pt22,0,Y,NR,0.25,2.1,115.45,95.8,73,46,0,0,43,10,27,16,5,18,5,10,6,2,21,4,15,12,1,11,3,8,6,1,311,31,242,11,14,9,4,0.099678457,0.778135048,0.035369775,0.045016077,0.028938907,0.012861736
Pt23,0,Y,NR,0.36,2.2,139.67,96.9,281,250,2,0,149,43,78,32,18,81,22,45,18,9,79,32,41,32,13,47,19,22,15,6,1848,205,1343,70,81,73,76,0.110930736,0.726731602,0.037878788,0.043831169,0.039502165,0.041125541
Pt24,0,na,R,0.95,2.9,119.45,96.8,443,241,3,2,240,77,101,55,23,64,19,31,18,7,127,43,93,68,27,31,10,22,14,4,2694,200,2104,93,89,121,87,0.07423905,0.780994803,0.034521158,0.033036377,0.044914625,0.032293987
Pt25,0,N,NR,0.67,4.1,139.6,96.6,139,120,5,0,54,15,25,12,2,31,11,18,8,2,38,15,20,12,6,25,11,14,9,4,1062,148,501,52,51,200,110,0.139359699,0.471751412,0.048964218,0.048022599,0.188323917,0.103578154
Pt26,0,na,R,0.17,3.4,125.45,96.4,1124,977,0,0,571,183,272,133,52,311,96,154,79,31,286,121,151,117,51,142,65,80,60,29,6427,318,5532,121,200,141,115,0.049478761,0.860743737,0.018826824,0.031118718,0.021938696,0.017893263
Pt27,1,N,R,0.8,2.2,208.56,98.3,2297,1260,16,16,1250,367,597,257,119,384,115,193,83,38,703,252,469,337,137,219,84,139,108,48,13669,577,12024,220,496,221,131,0.042212305,0.879654693,0.016094813,0.036286488,0.016167971,0.00958373
Pt28,1,N,R,0.29,2,149.69,97.5,483,405,1,0,218,60,106,44,17,137,38,65,31,12,130,57,67,48,22,82,36,44,28,13,1964,162,1504,56,98,93,51,0.082484725,0.765784114,0.028513238,0.049898167,0.047352342,0.025967413
Pt29,0,N,NR,0.41,3.8,140.97,97.5,244,223,0,0,127,31,66,28,10,89,27,44,20,8,55,18,38,28,9,38,14,24,20,6,1245,216,432,68,80,300,149,0.173493976,0.346987952,0.054618474,0.064257028,0.240963855,0.119678715
Pt30,0,na,NR,0.23,2.7,159.01,97.4,565,311,6,4,322,86,144,55,23,103,29,41,15,10,150,61,113,90,44,50,21,34,24,11,2463,167,1946,80,150,71,49,0.067803492,0.790093382,0.032480715,0.06090134,0.028826634,0.019894438
Pt31,0,Y,NR,0.53,2.9,129.49,97.4,621,351,2,1,388,124,174,68,37,124,40,49,19,11,199,79,131,94,43,47,20,34,24,10,3710,208,3210,71,92,69,60,0.05606469,0.865229111,0.019137466,0.024797844,0.018598383,0.016172507
Pt32,0,Y,NR,0.72,3.5,167.93,97.3,261,143,2,0,156,44,88,54,21,49,18,24,17,9,92,31,54,35,13,37,15,16,9,4,1482,98,1224,28,50,49,33,0.066126856,0.825910931,0.018893387,0.033738192,0.033063428,0.022267206
Pt33,0,na,R,0.24,4.1,183.72,97.7,668,335,10,3,389,128,203,98,45,165,50,93,45,22,246,116,147,121,67,112,52,68,57,29,3351,157,2892,73,79,74,76,0.046851686,0.863025962,0.021784542,0.023575052,0.02208296,0.022679797
Pt34,0,na,R,0.79,3.7,196.22,97.4,90,41,18,18,68,10,32,7,1,22,5,8,3,0,30,8,24,22,5,8,3,6,6,1,412,109,181,17,23,55,27,0.264563107,0.439320388,0.041262136,0.055825243,0.133495146,0.065533981
Pt35,0,N,R,0.62,3.8,284.54,97.8,313,146,4,4,198,59,97,50,26,52,18,25,12,8,113,37,68,48,15,30,10,18,15,6,2000,130,1589,59,85,73,64,0.065,0.7945,0.0295,0.0425,0.0365,0.032
Pt36,0,na,NR,0.73,1.9,150.67,97,73,32,0,0,43,11,18,7,2,11,3,4,3,0,23,13,17,12,10,5,2,4,2,1,249,9,219,7,4,5,5,0.036144578,0.879518072,0.02811245,0.016064257,0.020080321,0.020080321
Pt37,0,N,R,0.56,2.3,255.22,97.6,557,222,2,0,191,55,127,73,26,43,14,27,13,5,137,55,70,48,18,28,10,14,12,5,3632,147,3212,47,96,97,33,0.040473568,0.884361233,0.012940529,0.026431718,0.026707048,0.009085903
Pt38,0,N,R,0.25,3.6,208.24,97.3,81,5,0,0,7,5,3,3,2,2,0,1,1,0,4,1,2,2,0,1,1,0,0,0,517,39,377,15,13,55,18,0.075435203,0.729206963,0.02901354,0.025145068,0.106382979,0.034816248
,,,,,,,,,,,,,,,,,,,,,,,,,,,,,,,,,,,,,,,,,,,,
,,*na = no RNAseq available,,,,,,,,,,,,,,,,,,,,,,,,,,,,,,,,,,,,,,,,,,